Student_ID,Age,Math_Score,Science_Score,English_Score,Hours_Studied,Pass_Fail
1,22,50,55,43,1.6,0
2,19,80,79,69,4.2,1
3,20,100,92,97,7.5,1
4,22,33,48,47,1.2,0
5,18,100,89,100,7.3,1
6,20,93,75,58,4.5,1
7,20,82,82,71,6.0,1
8,22,71,97,76,6.3,1
9,17,94,87,89,5.9,1
10,18,59,66,67,3.3,1
11,22,79,71,61,4.3,1
12,18,78,45,37,2.1,1
13,18,72,83,67,6.0,1
14,20,99,93,76,8.4,1
15,19,49,55,63,1.4,1
16,18,80,63,54,3.5,1
17,21,100,94,80,4.6,1
18,20,84,63,82,5.3,1
19,17,78,52,98,6.8,1
20,19,74,78,65,4.7,1
21,21,67,65,75,4.4,1
22,21,100,94,89,7.2,1
23,17,94,71,84,6.3,1
24,19,78,100,81,6.1,1
25,20,73,73,85,5.2,1
26,16,92,82,95,7.0,1
27,19,67,90,67,3.7,1
28,17,66,75,60,3.4,1
29,21,92,100,77,6.5,1
30,20,65,51,55,1.7,1
31,19,77,78,78,5.2,1
32,16,69,65,70,4.4,1
33,16,44,48,43,2.2,0
34,18,62,68,60,3.1,1
35,18,80,71,68,4.8,1
36,22,79,100,87,7.1,1
37,17,66,78,95,3.7,1
38,19,100,100,94,7.4,1
39,19,87,50,89,5.1,1
40,22,100,100,83,7.6,1
41,21,76,39,68,3.8,1
42,21,73,61,87,4.9,1
43,22,78,60,61,5.7,1
44,21,89,77,70,4.6,1
45,18,100,90,93,6.9,1
46,19,37,55,47,0.6,0
47,22,99,100,97,9.8,1
48,19,86,100,79,6.7,1
49,16,83,63,76,4.7,1
50,18,64,84,51,3.9,1
51,20,69,64,66,3.3,1
52,18,100,100,90,6.3,1
53,22,95,100,83,7.0,1
54,20,79,71,56,4.7,1
55,16,100,91,82,7.2,1
56,22,54,52,62,3.2,1
57,17,54,65,49,2.8,1
58,19,100,98,96,8.6,1
59,16,89,94,84,6.2,1
60,19,100,80,100,7.8,1
61,21,66,61,62,3.3,1
62,17,75,50,65,3.2,1
63,17,78,58,64,4.3,1
64,16,71,73,60,3.4,1
65,17,100,100,91,6.4,1
66,20,84,38,63,3.5,1
67,17,84,83,70,2.7,1
68,19,76,95,76,5.3,1
69,19,83,42,46,2.4,1
70,22,40,61,45,1.4,0
71,19,100,73,100,5.3,1
72,22,45,51,52,1.5,0
73,19,92,95,66,6.6,1
74,20,57,63,45,2.2,1
75,22,35,38,40,0.5,0
76,18,76,65,61,4.4,1
77,21,74,72,64,5.3,1
78,16,75,97,97,6.0,1
79,19,82,56,84,5.3,1
80,17,79,60,60,2.9,1
81,19,88,100,76,6.4,1
82,17,100,98,84,6.9,1
83,21,52,72,80,2.6,1
84,21,63,72,63,4.6,1
85,21,80,59,54,4.5,1
86,17,100,80,84,5.4,1
87,19,78,65,83,4.6,1
88,21,87,100,90,4.9,1
89,20,100,84,78,6.3,1
90,22,62,69,58,2.8,1
91,17,90,100,100,6.5,1
92,17,100,79,95,7.3,1
93,19,100,72,93,8.3,1
94,17,31,52,54,0.7,0
95,17,79,82,67,4.6,1
96,21,48,44,54,1.1,0
97,19,32,28,48,0.1,0
98,21,81,82,85,5.3,1
99,22,61,71,59,4.2,1
100,22,69,85,82,5.6,1
101,21,88,70,68,6.0,1
102,22,100,98,100,7.5,1
103,19,77,87,70,5.1,1
104,16,100,99,91,10.8,1
105,21,76,98,100,5.6,1
106,20,100,100,91,8.7,1
107,20,59,54,47,0.3,1
108,17,100,80,72,7.7,1
109,22,89,82,72,4.6,1
110,20,38,29,69,1.1,0
111,17,85,71,87,5.8,1
112,16,85,75,52,4.4,1
113,19,75,82,73,6.2,1
114,19,89,91,97,7.0,1
115,19,65,79,64,2.0,1
116,20,98,91,81,7.0,1
117,16,70,85,79,5.0,1
118,20,85,95,78,7.7,1
119,22,90,73,58,4.6,1
120,20,52,58,42,4.1,1
121,16,87,82,85,5.1,1
122,16,76,100,75,5.2,1
123,22,80,68,67,3.7,1
124,16,61,66,35,4.0,1
125,16,86,73,59,2.5,1
126,19,76,82,75,4.1,1
127,22,96,92,60,6.4,1
128,18,69,71,73,4.7,1
129,18,94,100,86,7.0,1
130,16,75,75,67,4.6,1
131,18,74,67,71,2.1,1
132,18,93,75,93,6.2,1
133,16,75,60,100,3.7,1
134,18,81,74,58,4.5,1
135,20,100,79,94,7.5,1
136,17,47,56,77,2.7,1
137,22,100,63,69,5.3,1
138,17,70,57,93,4.9,1
139,16,90,100,87,6.4,1
140,19,100,81,65,6.7,1
141,22,100,74,63,5.5,1
142,16,82,73,64,4.3,1
143,19,82,70,79,5.9,1
144,17,100,89,100,7.7,1
145,16,80,98,73,4.9,1
146,22,78,77,85,4.5,1
147,22,74,94,80,5.8,1
148,21,93,96,75,5.1,1
149,20,59,60,55,2.3,1
150,18,76,77,88,5.5,1
151,19,53,40,60,2.3,1
152,21,88,77,71,5.7,1
153,18,53,63,69,3.4,1
154,18,89,68,70,5.1,1
155,16,88,100,74,5.8,1
156,18,100,100,100,9.9,1
157,20,92,99,82,6.5,1
158,22,90,94,100,7.7,1
159,21,97,90,100,8.7,1
160,18,84,99,72,6.0,1
161,16,81,85,69,5.6,1
162,20,57,71,48,2.9,1
163,17,79,83,80,4.8,1
164,22,62,70,57,3.6,1
165,22,76,95,45,4.2,1
166,21,100,95,79,8.7,1
167,22,87,74,64,5.2,1
168,18,62,84,67,3.2,1
169,16,100,96,90,7.7,1
170,22,100,88,96,6.9,1
171,22,97,87,77,7.0,1
172,17,45,57,47,1.0,0
173,17,96,100,100,8.9,1
174,19,85,65,64,3.9,1
175,20,85,96,87,6.6,1
176,18,100,100,97,10.0,1
177,22,100,94,98,9.3,1
178,22,62,63,68,3.0,1
179,16,70,73,64,2.1,1
180,19,90,100,93,7.9,1
181,20,99,97,73,5.3,1
182,19,78,61,70,4.0,1
183,21,87,98,74,6.2,1
184,20,75,67,70,4.7,1
185,22,69,72,87,6.4,1
186,22,72,68,86,5.1,1
187,20,87,88,73,6.4,1
188,22,67,76,62,3.2,1
189,18,100,100,80,7.8,1
190,20,100,84,78,6.4,1
191,19,93,73,93,6.3,1
192,20,64,70,55,2.8,1
193,22,100,100,94,8.4,1
194,18,62,80,61,5.0,1
195,18,85,74,77,6.5,1
196,21,73,82,54,4.4,1
197,19,93,95,81,5.5,1
198,17,89,99,82,5.6,1
199,17,42,36,48,0.0,0
200,20,83,90,86,6.2,1
201,21,91,97,100,8.9,1
202,16,69,73,64,6.1,1
203,20,48,82,54,3.1,1
204,21,87,92,58,6.3,1
205,19,100,100,82,7.1,1
206,19,97,69,71,6.0,1
207,19,87,79,73,4.9,1
208,19,70,79,99,4.5,1
209,19,87,63,80,4.5,1
210,21,81,100,100,6.4,1
211,21,66,54,67,2.2,1
212,18,57,77,69,4.3,1
213,17,93,92,94,8.2,1
214,22,100,85,100,8.3,1
215,19,53,66,59,2.0,1
216,16,54,65,58,2.7,1
217,22,87,76,87,4.5,1
218,21,100,86,90,6.8,1
219,16,46,55,37,1.3,0
220,16,81,91,72,4.9,1
221,16,74,62,70,4.1,1
222,18,73,100,86,7.7,1
223,21,38,55,50,1.6,0
224,16,91,76,71,5.2,1
225,19,65,51,50,4.2,1
226,20,100,97,70,7.9,1
227,16,92,93,75,6.2,1
228,18,82,72,63,3.8,1
229,22,79,71,70,6.7,1
230,21,77,86,58,4.2,1
231,18,95,100,84,7.0,1
232,16,68,72,83,4.5,1
233,21,88,100,98,7.1,1
234,20,89,73,91,5.9,1
235,16,100,100,100,11.5,1
236,18,79,64,71,4.9,1
237,17,87,85,93,5.8,1
238,19,67,48,49,4.0,1
239,22,75,73,69,5.0,1
240,18,32,77,47,0.0,1
241,21,82,65,61,5.9,1
242,16,100,89,95,7.7,1
243,19,93,70,96,5.8,1
244,16,46,55,72,2.4,1
245,21,58,61,63,3.4,1
246,16,33,34,54,0.1,0
247,17,95,89,68,7.0,1
248,19,47,70,66,3.0,1
249,19,70,92,71,4.9,1
250,21,63,71,71,4.7,1
251,22,100,98,94,8.0,1
252,17,81,83,80,5.2,1
253,18,88,73,68,6.6,1
254,16,78,82,70,6.1,1
255,20,97,89,88,7.7,1
256,16,70,84,52,4.5,1
257,16,100,100,98,8.7,1
258,18,57,39,60,1.0,1
259,16,86,100,100,6.7,1
260,17,68,47,65,3.3,1
261,17,81,72,89,4.0,1
262,19,81,87,81,6.1,1
263,21,74,66,67,6.1,1
264,22,71,75,81,6.2,1
265,20,70,46,55,2.2,1
266,16,100,81,98,7.9,1
267,16,68,32,67,3.2,1
268,18,62,64,68,3.5,1
269,21,77,85,93,6.3,1
270,17,64,71,66,4.4,1
271,20,71,90,84,5.6,1
272,19,54,23,52,0.7,0
273,17,99,76,79,5.6,1
274,21,83,100,76,5.4,1
275,22,56,80,55,4.0,1
276,19,52,59,47,0.9,1
277,22,89,62,70,4.6,1
278,18,88,73,66,4.9,1
279,18,74,44,55,4.3,1
280,16,48,58,46,1.3,1
281,22,100,100,88,8.2,1
282,21,81,50,52,3.7,1
283,20,84,60,57,4.6,1
284,19,37,43,23,0.2,0
285,17,100,100,97,8.2,1
286,21,67,64,80,4.1,1
287,21,70,68,76,5.2,1
288,18,100,82,83,7.2,1
289,22,60,66,51,3.6,1
290,16,100,97,62,6.9,1
291,16,40,47,50,0.9,0
292,19,84,82,88,6.1,1
293,18,100,77,84,8.1,1
294,21,75,79,79,3.8,1
295,20,95,91,80,7.2,1
296,18,98,97,100,8.7,1
297,19,76,76,63,4.5,1
298,19,66,61,41,4.3,1
299,18,81,59,71,3.2,1
300,19,69,71,58,4.0,1
301,18,60,57,48,3.4,1
302,17,85,44,69,3.2,1
303,18,100,72,79,7.4,1
304,22,58,71,49,3.4,1
305,18,76,80,92,5.5,1
306,19,85,76,73,5.1,1
307,22,100,84,77,8.0,1
308,19,80,69,63,4.0,1
309,16,79,77,100,5.8,1
310,16,99,80,85,6.6,1
311,22,81,97,85,8.0,1
312,17,70,73,74,4.0,1
313,16,64,89,62,3.8,1
314,18,58,69,56,2.9,1
315,19,100,100,94,9.5,1
316,16,100,100,100,7.8,1
317,16,67,67,76,4.9,1
318,17,89,100,100,8.9,1
319,22,68,64,77,4.8,1
320,22,100,78,100,6.4,1
321,21,63,71,82,5.0,1
322,17,80,74,76,5.8,1
323,18,93,83,77,5.6,1
324,22,73,76,90,4.2,1
325,19,100,76,100,7.2,1
326,17,70,83,100,6.4,1
327,16,93,88,76,7.1,1
328,19,98,63,57,5.6,1
329,19,54,55,54,3.2,1
330,16,100,100,97,8.4,1
331,17,73,83,64,4.5,1
332,16,89,62,79,5.7,1
333,21,100,91,77,6.3,1
334,19,89,64,59,5.7,1
335,20,88,84,90,6.8,1
336,20,100,90,87,7.1,1
337,18,70,83,87,4.6,1
338,22,100,98,96,8.3,1
339,16,63,61,80,4.5,1
340,16,85,67,70,5.7,1
341,18,85,73,74,4.2,1
342,18,66,60,76,3.7,1
343,18,100,86,93,7.1,1
344,19,100,100,100,11.2,1
345,21,74,77,74,4.3,1
346,16,100,100,96,7.4,1
347,19,79,59,84,4.3,1
348,18,82,68,68,5.0,1
349,16,100,100,83,8.5,1
350,19,60,84,53,2.9,1
351,21,51,48,60,2.3,1
352,19,63,76,73,4.8,1
353,21,86,100,89,6.3,1
354,18,96,83,89,5.9,1
355,21,76,94,58,5.7,1
356,16,83,100,70,5.1,1
357,18,91,91,86,6.6,1
358,16,33,47,57,0.0,0
359,20,49,75,65,3.5,1
360,17,92,64,88,4.8,1
361,21,96,69,89,6.4,1
362,17,100,99,97,8.0,1
363,17,76,56,62,3.2,1
364,21,100,100,92,7.9,1
365,18,55,74,73,4.1,1
366,20,59,87,71,4.7,1
367,16,90,70,94,6.2,1
368,19,65,86,82,4.6,1
369,16,90,64,100,7.2,1
370,19,98,57,58,4.2,1
371,16,85,78,58,4.2,1
372,21,87,85,92,7.1,1
373,20,44,61,65,3.5,1
374,19,73,81,80,5.5,1
375,22,48,70,42,1.7,1
376,18,100,79,80,8.6,1
377,16,86,100,91,7.4,1
378,16,100,100,99,10.5,1
379,19,94,89,99,7.7,1
380,18,68,52,54,2.7,1
381,18,90,84,73,6.3,1
382,21,74,55,39,3.2,1
383,22,100,100,100,8.2,1
384,21,53,67,69,2.8,1
385,21,55,42,44,2.7,0
386,21,48,43,33,1.8,0
387,21,92,55,62,4.0,1
388,21,69,69,77,3.6,1
389,20,60,69,54,2.5,1
390,18,100,92,96,9.0,1
391,21,88,95,92,6.1,1
392,18,97,71,68,5.8,1
393,18,100,100,86,8.2,1
394,17,79,77,80,5.5,1
395,20,58,61,62,3.5,1
396,21,71,66,44,1.6,1
397,16,66,87,73,3.4,1
398,19,92,74,98,8.0,1
399,22,61,66,69,2.5,1
400,16,79,84,77,5.7,1
401,20,92,99,68,7.1,1
402,19,87,63,78,5.6,1
403,20,100,69,66,5.8,1
404,18,91,78,60,6.3,1
405,19,79,85,76,5.8,1
406,18,100,90,95,8.2,1
407,16,69,58,79,2.9,1
408,16,64,90,64,5.5,1
409,19,40,76,60,1.4,1
410,19,49,57,32,0.9,0
411,21,61,85,87,4.8,1
412,20,85,82,73,6.1,1
413,21,100,89,91,8.3,1
414,20,100,100,100,9.8,1
415,21,98,94,98,7.6,1
416,18,100,73,68,6.5,1
417,19,83,88,74,5.3,1
418,16,72,73,49,1.9,1
419,20,63,76,97,4.7,1
420,20,100,100,78,7.6,1
421,16,90,100,57,6.8,1
422,21,73,46,78,2.4,1
423,20,100,64,87,6.2,1
424,22,60,78,72,6.1,1
425,18,90,83,78,5.7,1
426,19,89,61,65,4.9,1
427,16,100,100,61,6.3,1
428,19,79,100,81,6.4,1
429,22,75,70,65,3.7,1
430,20,89,71,84,5.9,1
431,20,81,80,61,4.6,1
432,22,65,44,48,2.0,1
433,16,82,83,64,3.9,1
434,18,48,52,45,1.9,0
435,17,98,99,99,7.0,1
436,16,86,92,88,5.7,1
437,17,72,78,65,4.3,1
438,22,100,100,97,7.8,1
439,21,82,79,61,5.1,1
440,17,50,50,52,2.1,1
441,18,81,45,85,4.1,1
442,21,100,72,100,8.3,1
443,17,61,75,70,3.7,1
444,22,97,78,74,5.6,1
445,21,83,77,83,6.5,1
446,22,98,72,66,6.2,1
447,17,100,100,100,9.9,1
448,22,59,48,64,2.6,1
449,18,54,81,61,2.8,1
450,17,55,89,60,2.7,1
451,17,78,61,64,4.4,1
452,17,100,100,78,7.2,1
453,16,46,67,51,2.9,1
454,16,98,80,85,7.2,1
455,16,79,65,83,5.1,1
456,18,57,60,52,2.8,1
457,21,51,38,54,1.5,0
458,22,49,68,56,1.9,1
459,20,82,64,77,3.7,1
460,17,91,61,73,4.7,1
461,22,100,94,74,7.7,1
462,17,91,93,100,6.6,1
463,18,61,56,75,3.3,1
464,17,87,58,85,5.8,1
465,16,100,100,88,8.3,1
466,20,100,88,93,8.7,1
467,19,66,63,55,4.4,1
468,17,91,95,82,6.9,1
469,22,100,89,93,7.8,1
470,16,48,54,56,2.0,1
471,19,71,87,88,4.0,1
472,20,100,100,100,9.4,1
473,19,68,97,82,4.4,1
474,16,22,50,50,0.0,0
475,21,67,64,75,4.8,1
476,21,89,86,93,7.2,1
477,19,77,61,53,5.0,1
478,18,91,94,80,6.4,1
479,22,100,100,71,6.9,1
480,22,62,67,57,4.3,1
481,19,78,47,82,4.0,1
482,17,78,83,64,5.3,1
483,17,65,69,62,5.4,1
484,22,80,69,79,5.1,1
485,22,94,82,75,5.2,1
486,21,76,81,70,3.5,1
487,18,91,96,100,6.5,1
488,16,100,90,88,6.2,1
489,17,60,56,41,2.3,1
490,22,83,55,80,4.2,1
491,21,64,82,73,5.2,1
492,20,58,77,70,3.9,1
493,21,97,78,64,6.3,1
494,17,94,71,79,4.9,1
495,17,86,92,62,5.3,1
496,21,68,66,76,4.2,1
497,16,39,45,43,1.0,0
498,19,44,47,58,0.9,0
499,17,100,93,67,6.2,1
500,21,80,84,60,5.5,1
501,22,97,85,74,5.9,1
502,21,88,97,79,5.3,1
503,18,100,74,64,5.4,1
504,19,97,78,88,6.9,1
505,20,86,95,90,5.9,1
506,16,100,94,73,7.1,1
507,20,73,72,79,5.3,1
508,19,70,68,77,4.4,1
509,19,66,64,75,5.4,1
510,19,53,67,63,3.3,1
511,20,92,53,54,4.2,1
512,22,90,87,82,5.4,1
513,19,68,72,77,5.3,1
514,21,90,58,75,4.8,1
515,20,50,70,80,2.2,1
516,19,96,100,80,6.3,1
517,21,99,94,88,6.7,1
518,22,100,96,100,8.3,1
519,18,81,71,79,5.9,1
520,22,72,80,67,5.0,1
521,19,37,70,67,3.0,1
522,20,100,98,85,8.0,1
523,17,91,91,91,5.5,1
524,19,91,97,83,5.4,1
525,17,88,58,62,4.5,1
526,21,78,76,57,4.4,1
527,18,96,63,85,6.4,1
528,16,64,53,65,3.0,1
529,22,100,100,81,8.3,1
530,18,93,96,100,7.8,1
531,19,60,52,78,4.3,1
532,17,58,77,68,3.3,1
533,22,50,42,59,1.0,1
534,17,46,69,49,2.5,1
535,20,85,93,73,6.5,1
536,17,78,71,75,5.6,1
537,20,95,94,74,6.0,1
538,21,57,54,58,1.3,1
539,22,74,73,79,4.2,1
540,22,100,90,83,7.7,1
541,16,83,62,64,4.8,1
542,19,56,54,69,2.5,1
543,20,72,70,62,4.8,1
544,16,83,76,62,3.5,1
545,17,60,62,68,5.7,1
546,17,72,94,68,5.0,1
547,16,86,100,65,6.1,1
548,22,66,52,74,2.6,1
549,17,84,87,80,4.1,1
550,21,100,80,79,7.2,1
551,21,57,71,63,2.3,1
552,16,63,53,47,3.0,1
553,20,86,92,84,5.4,1
554,20,79,63,68,5.6,1
555,16,60,82,82,4.0,1
556,20,74,88,77,4.4,1
557,22,96,67,77,6.1,1
558,22,91,100,80,6.7,1
559,20,67,74,63,2.9,1
560,21,66,57,69,5.7,1
561,20,100,92,100,8.0,1
562,22,74,88,77,4.8,1
563,18,49,70,72,2.8,1
564,19,68,62,34,2.7,1
565,17,96,86,73,4.7,1
566,18,100,81,90,7.1,1
567,20,89,76,74,4.9,1
568,21,90,69,77,5.4,1
569,16,70,64,59,3.0,1
570,20,78,100,100,7.0,1
571,21,60,70,63,2.7,1
572,19,77,72,70,4.0,1
573,20,95,97,93,6.3,1
574,22,59,61,44,0.9,1
575,16,72,100,62,5.3,1
576,21,69,76,72,2.9,1
577,21,69,84,71,5.0,1
578,21,72,83,85,4.3,1
579,19,100,100,100,9.2,1
580,20,82,68,44,4.2,1
581,19,100,100,97,8.7,1
582,17,90,94,94,6.2,1
583,17,45,69,46,3.4,1
584,20,90,79,83,5.7,1
585,22,72,69,78,4.4,1
586,19,97,75,77,5.5,1
587,16,80,82,66,3.6,1
588,21,97,100,100,8.4,1
589,21,100,100,69,6.9,1
590,20,86,65,84,5.1,1
591,22,100,97,100,8.5,1
592,17,84,74,89,5.1,1
593,17,100,85,77,7.2,1
594,21,95,100,91,5.1,1
595,20,80,87,64,5.8,1
596,19,69,79,70,4.8,1
597,17,89,72,63,5.2,1
598,19,63,89,84,5.3,1
599,22,76,94,58,3.7,1
600,17,78,72,82,4.2,1
601,17,53,71,54,4.6,1
602,18,77,79,73,5.5,1
603,17,94,72,94,4.9,1
604,16,83,93,80,7.3,1
605,20,95,81,96,6.7,1
606,20,66,63,80,4.6,1
607,19,95,96,77,7.8,1
608,22,100,100,99,8.7,1
609,17,48,45,67,0.9,1
610,16,100,100,81,6.9,1
611,19,67,72,59,3.6,1
612,18,77,97,88,6.6,1
613,19,88,100,87,7.5,1
614,19,77,65,47,3.2,1
615,17,51,53,50,1.3,1
616,18,85,78,79,6.7,1
617,19,82,86,75,5.3,1
618,16,60,49,28,1.7,0
619,16,100,100,100,10.1,1
620,20,81,100,64,6.2,1
621,18,74,70,91,6.3,1
622,18,97,100,100,7.7,1
623,20,81,88,45,3.8,1
624,19,90,76,91,5.3,1
625,18,63,80,58,2.4,1
626,16,68,57,79,3.8,1
627,16,81,94,90,5.8,1
628,17,52,54,39,1.7,0
629,18,77,46,57,3.7,1
630,19,74,56,81,3.1,1
631,20,79,77,63,5.3,1
632,20,100,94,85,6.1,1
633,19,92,81,75,6.5,1
634,22,92,87,77,7.0,1
635,21,100,100,90,7.7,1
636,17,69,91,100,6.2,1
637,20,100,100,100,8.8,1
638,18,80,74,64,5.2,1
639,17,92,86,75,4.7,1
640,18,95,81,61,6.2,1
641,22,78,59,47,4.6,1
642,16,100,98,99,8.7,1
643,17,87,99,96,7.3,1
644,20,100,85,100,6.5,1
645,17,68,73,80,5.3,1
646,17,77,56,70,4.2,1
647,17,91,85,79,6.4,1
648,21,43,63,67,2.7,1
649,17,100,86,80,8.1,1
650,18,79,71,65,4.6,1
651,16,78,68,65,5.6,1
652,22,55,62,58,3.2,1
653,19,96,100,75,6.4,1
654,17,76,72,60,4.1,1
655,20,92,67,75,6.3,1
656,17,92,91,86,6.5,1
657,20,63,83,81,3.7,1
658,18,85,44,64,2.8,1
659,20,100,86,87,8.1,1
660,19,68,77,77,4.6,1
661,16,83,78,78,5.4,1
662,20,86,98,82,6.0,1
663,20,56,57,59,2.5,1
664,16,100,93,99,5.9,1
665,19,70,96,77,5.2,1
666,17,69,57,61,3.7,1
667,20,50,69,52,2.7,1
668,16,84,80,92,6.2,1
669,18,100,66,75,7.3,1
670,16,86,85,92,5.4,1
671,18,59,63,36,2.1,1
672,19,53,43,75,2.9,1
673,17,68,65,78,4.1,1
674,16,100,91,88,8.1,1
675,22,80,83,63,4.5,1
676,22,69,52,83,4.1,1
677,21,58,55,74,1.7,1
678,20,72,39,60,3.7,1
679,19,51,64,66,2.5,1
680,16,60,64,73,3.0,1
681,22,100,72,82,5.2,1
682,20,77,88,70,4.2,1
683,22,91,69,91,8.4,1
684,16,100,92,91,7.2,1
685,18,83,82,44,3.8,1
686,16,56,65,78,3.2,1
687,21,97,100,73,7.8,1
688,16,100,94,85,8.3,1
689,16,45,44,44,0.6,0
690,21,80,93,65,5.2,1
691,19,62,84,59,4.5,1
692,16,100,100,98,6.3,1
693,21,100,100,100,8.9,1
694,20,50,72,86,4.0,1
695,18,31,42,59,0.9,0
696,18,83,82,100,6.2,1
697,16,91,100,88,7.8,1
698,19,66,72,67,4.4,1
699,19,92,57,66,3.6,1
700,20,79,66,85,4.1,1
701,16,67,87,91,6.7,1
702,18,69,61,88,4.1,1
703,19,84,76,79,5.7,1
704,16,66,65,59,5.1,1
705,22,83,70,66,4.8,1
706,19,70,100,94,6.4,1
707,21,82,70,63,4.0,1
708,22,87,100,70,4.1,1
709,19,100,79,87,6.6,1
710,18,48,68,82,3.0,1
711,17,51,67,73,3.2,1
712,22,66,67,67,2.5,1
713,20,100,81,86,6.7,1
714,20,86,71,64,4.8,1
715,18,69,63,62,2.4,1
716,19,100,82,100,6.7,1
717,16,73,48,74,3.9,1
718,19,64,80,58,3.3,1
719,18,63,84,67,4.6,1
720,20,100,92,100,8.0,1
721,19,72,74,64,4.2,1
722,20,80,97,79,6.2,1
723,22,91,100,71,6.5,1
724,16,76,84,77,5.9,1
725,22,100,87,95,7.5,1
726,20,73,84,63,3.6,1
727,20,58,63,62,2.9,1
728,17,65,60,49,2.9,1
729,17,66,78,67,4.7,1
730,22,54,77,87,3.1,1
731,21,76,78,75,5.3,1
732,22,79,90,80,5.2,1
733,17,97,88,78,7.0,1
734,20,86,88,79,5.6,1
735,18,60,60,67,4.2,1
736,22,85,95,91,5.8,1
737,20,55,54,73,2.9,1
738,18,45,81,87,4.9,1
739,18,100,63,79,5.6,1
740,17,74,79,99,5.3,1
741,22,78,84,88,5.8,1
742,19,56,59,51,3.7,1
743,16,87,91,100,7.3,1
744,17,100,100,96,8.6,1
745,17,67,61,68,1.8,1
746,19,58,61,49,2.6,1
747,16,77,93,74,5.1,1
748,20,88,87,80,4.5,1
749,21,100,100,100,8.8,1
750,22,83,63,75,5.4,1
751,21,93,90,64,7.8,1
752,20,64,21,42,0.9,0
753,17,100,86,73,6.6,1
754,16,67,84,46,3.6,1
755,17,64,75,58,3.5,1
756,18,75,74,92,4.5,1
757,17,56,48,70,2.2,1
758,17,71,84,71,5.9,1
759,20,94,100,70,5.4,1
760,20,81,98,71,5.5,1
761,20,100,87,94,6.8,1
762,21,100,80,97,8.0,1
763,18,49,98,62,4.3,1
764,20,75,75,74,6.0,1
765,16,63,87,90,5.6,1
766,21,73,63,96,5.8,1
767,19,70,78,69,5.8,1
768,16,100,80,92,8.2,1
769,22,69,56,71,4.1,1
770,22,62,44,54,1.9,1
771,16,68,72,79,3.6,1
772,20,89,86,82,6.5,1
773,19,100,100,95,5.0,1
774,19,75,84,82,4.1,1
775,21,61,75,54,2.8,1
776,19,74,85,78,5.4,1
777,22,78,89,72,6.3,1
778,18,92,95,74,5.6,1
779,20,83,44,81,4.5,1
780,19,98,71,79,5.3,1
781,21,87,62,100,5.3,1
782,22,79,57,63,5.4,1
783,18,65,50,60,2.6,1
784,17,82,66,71,5.4,1
785,17,81,85,66,4.1,1
786,18,100,92,88,7.1,1
787,22,80,54,69,5.3,1
788,21,100,92,95,6.7,1
789,18,87,60,90,4.4,1
790,20,76,74,46,4.5,1
791,20,100,100,100,8.0,1
792,17,90,74,100,5.9,1
793,19,69,69,68,3.6,1
794,21,100,94,79,6.8,1
795,17,76,67,62,3.9,1
796,19,75,71,74,5.5,1
797,19,99,100,100,8.7,1
798,20,46,55,52,2.1,1
799,22,81,77,71,4.6,1
800,16,82,79,69,5.8,1
801,22,95,73,78,6.5,1
802,16,69,57,55,2.5,1
803,18,75,59,56,1.9,1
804,20,94,94,72,7.2,1
805,19,54,65,62,3.6,1
806,21,85,60,63,3.5,1
807,16,90,92,95,8.1,1
808,22,65,72,90,5.1,1
809,19,99,91,75,5.2,1
810,16,87,62,59,4.6,1
811,16,65,61,62,2.6,1
812,16,90,71,75,6.4,1
813,21,84,91,71,5.8,1
814,20,75,72,73,5.3,1
815,21,75,65,68,4.8,1
816,17,74,75,59,4.4,1
817,19,80,60,80,6.8,1
818,20,69,59,78,4.7,1
819,20,58,80,74,4.9,1
820,20,89,96,70,6.1,1
821,22,83,85,67,5.4,1
822,20,100,100,96,8.3,1
823,21,55,81,43,1.5,1
824,20,79,87,68,5.6,1
825,18,66,54,60,3.6,1
826,19,69,75,52,3.1,1
827,20,75,63,70,4.1,1
828,19,86,69,72,5.1,1
829,18,85,61,91,5.2,1
830,18,53,51,44,2.0,0
831,19,65,54,81,3.9,1
832,16,78,87,81,5.6,1
833,17,56,62,80,3.2,1
834,22,51,45,76,2.8,1
835,16,62,44,43,0.5,0
836,16,70,79,51,3.7,1
837,21,60,80,59,2.7,1
838,22,59,41,41,3.0,0
839,22,80,64,79,4.5,1
840,16,82,53,69,3.8,1
841,20,68,65,54,2.7,1
842,21,55,30,44,0.8,0
843,21,78,93,67,5.6,1
844,18,91,100,83,6.5,1
845,22,67,81,59,4.2,1
846,16,77,64,71,4.5,1
847,18,92,69,78,5.0,1
848,19,100,93,100,8.2,1
849,17,71,68,61,1.9,1
850,21,70,51,66,4.2,1
851,19,44,57,59,1.6,1
852,19,90,70,80,5.7,1
853,20,78,69,74,4.7,1
854,17,86,88,66,5.4,1
855,19,84,60,63,5.3,1
856,19,91,87,89,7.0,1
857,17,90,83,86,6.1,1
858,17,100,88,78,6.7,1
859,19,73,61,75,2.9,1
860,17,94,100,100,7.4,1
861,19,71,61,85,3.6,1
862,19,84,72,64,3.7,1
863,20,79,84,73,5.5,1
864,16,78,84,87,5.6,1
865,19,71,68,69,2.9,1
866,18,83,78,60,4.7,1
867,21,95,96,90,8.0,1
868,22,42,41,64,2.1,0
869,16,100,100,83,8.0,1
870,16,71,93,63,4.5,1
871,16,25,39,40,0.3,0
872,20,51,63,54,2.3,1
873,19,70,57,46,3.1,1
874,20,68,59,75,3.8,1
875,19,94,76,65,4.8,1
876,20,19,75,47,0.0,0
877,20,96,98,78,5.4,1
878,21,59,79,51,2.9,1
879,18,97,100,72,7.8,1
880,20,60,62,72,4.5,1
881,21,99,100,81,6.9,1
882,17,79,58,93,7.2,1
883,18,100,97,97,7.2,1
884,20,56,82,45,3.9,1
885,22,56,70,65,3.8,1
886,16,64,94,84,4.6,1
887,17,83,68,98,6.3,1
888,17,81,89,48,4.0,1
889,21,93,73,86,4.8,1
890,17,77,97,66,5.5,1
891,18,65,76,71,3.2,1
892,20,69,81,57,3.1,1
893,20,74,86,81,4.7,1
894,22,83,84,70,4.9,1
895,16,87,99,64,5.9,1
896,21,87,86,76,6.3,1
897,16,48,68,67,2.8,1
898,17,68,65,60,3.4,1
899,22,74,55,51,3.1,1
900,16,94,100,77,7.8,1
901,18,58,77,64,4.8,1
902,20,76,92,66,5.0,1
903,17,95,75,81,5.1,1
904,22,80,58,62,3.6,1
905,16,98,100,90,8.1,1
906,21,90,83,77,5.8,1
907,18,86,68,81,5.1,1
908,18,77,78,68,2.8,1
909,16,46,72,55,2.7,1
910,20,64,94,68,4.4,1
911,16,48,63,73,3.6,1
912,17,56,56,54,2.9,1
913,16,85,59,64,4.3,1
914,18,71,67,79,4.6,1
915,22,69,74,70,5.3,1
916,16,74,78,71,4.0,1
917,20,66,51,45,3.0,1
918,22,54,55,70,3.1,1
919,21,94,100,87,7.4,1
920,19,61,24,64,2.5,0
921,16,93,87,91,5.7,1
922,20,81,68,77,6.0,1
923,22,70,65,56,4.8,1
924,20,100,100,92,8.5,1
925,21,85,84,94,6.0,1
926,18,100,100,99,8.7,1
927,20,76,75,55,3.7,1
928,22,51,57,65,3.7,1
929,20,88,91,86,6.1,1
930,20,59,87,70,4.5,1
931,20,100,100,93,8.4,1
932,17,99,79,71,5.7,1
933,17,53,42,55,2.9,1
934,18,35,48,56,1.5,0
935,16,97,95,79,4.8,1
936,20,66,66,71,4.8,1
937,21,69,76,73,5.6,1
938,16,100,100,97,7.4,1
939,21,85,99,83,7.2,1
940,16,86,52,70,3.8,1
941,18,61,57,65,2.4,1
942,20,72,76,46,2.5,1
943,20,69,66,67,3.5,1
944,19,85,89,41,4.3,1
945,21,75,99,77,5.6,1
946,16,61,54,71,3.4,1
947,16,63,77,82,5.6,1
948,17,95,89,88,5.7,1
949,19,86,60,80,5.3,1
950,22,51,58,55,2.7,1
951,22,69,89,63,5.9,1
952,17,100,98,100,9.2,1
953,17,100,87,83,5.5,1
954,17,38,34,25,0.0,0
955,21,93,87,94,7.5,1
956,21,59,76,67,3.6,1
957,18,100,100,97,9.5,1
958,18,73,69,81,5.2,1
959,17,49,38,51,1.6,0
960,19,57,47,46,0.9,1
961,16,100,100,79,8.1,1
962,21,94,83,92,7.2,1
963,19,100,100,87,9.5,1
964,20,94,75,67,5.0,1
965,21,68,67,79,4.9,1
966,21,71,94,68,4.2,1
967,18,54,83,85,3.7,1
968,16,85,62,76,4.2,1
969,16,78,92,85,5.4,1
970,22,59,57,74,3.3,1
971,22,60,63,52,1.7,1
972,22,68,100,70,5.3,1
973,22,72,50,51,3.3,1
974,20,36,35,29,0.0,0
975,20,76,78,94,6.1,1
976,21,52,64,54,2.8,1
977,17,83,91,92,6.3,1
978,18,85,85,66,6.3,1
979,18,72,61,76,5.6,1
980,22,100,97,100,10.0,1
981,21,65,64,76,4.7,1
982,19,51,79,74,4.4,1
983,17,100,70,76,6.4,1
984,21,81,65,64,4.9,1
985,17,100,79,88,7.3,1
986,17,49,63,47,2.5,1
987,17,64,73,58,2.5,1
988,21,100,89,94,6.5,1
989,22,59,84,47,2.7,1
990,18,75,87,89,6.2,1
991,18,82,80,90,5.7,1
992,22,75,57,63,3.6,1
993,17,91,84,79,5.7,1
994,19,59,49,54,2.5,1
995,16,72,51,59,3.0,1
996,21,84,61,80,4.5,1
997,16,76,75,84,5.2,1
998,22,59,66,75,4.4,1
999,19,89,100,87,5.9,1
1000,21,78,85,82,5.8,1
1001,22,100,100,80,8.1,1
1002,17,91,68,85,4.8,1
1003,18,100,100,79,7.4,1
1004,16,100,78,84,6.8,1
1005,20,100,100,100,9.6,1
1006,20,88,86,57,4.7,1
1007,19,90,73,77,4.2,1
1008,17,100,79,76,7.5,1
1009,16,100,82,86,5.8,1
1010,17,92,100,100,7.6,1
1011,16,84,92,75,6.4,1
1012,19,52,55,40,0.8,0
1013,19,86,100,80,5.8,1
1014,20,77,84,68,5.6,1
1015,17,88,88,52,5.3,1
1016,21,81,45,72,4.7,1
1017,20,48,76,59,1.8,1
1018,17,95,89,81,6.7,1
1019,20,93,71,80,5.7,1
1020,21,91,90,99,7.2,1
1021,18,60,63,52,1.9,1
1022,18,79,96,78,6.0,1
1023,18,69,72,71,4.5,1
1024,18,93,86,73,5.3,1
1025,22,82,71,69,4.6,1
1026,16,69,90,100,6.1,1
1027,22,73,77,74,4.7,1
1028,22,68,65,59,2.9,1
1029,22,82,74,91,5.2,1
1030,18,82,79,84,4.6,1
1031,21,79,65,80,4.8,1
1032,19,38,44,38,0.0,0
1033,19,89,79,100,6.4,1
1034,16,86,60,54,4.4,1
1035,18,65,49,39,2.3,1
1036,18,98,87,90,6.8,1
1037,18,91,79,78,6.3,1
1038,20,68,76,43,4.3,1
1039,17,58,61,59,2.7,1
1040,20,93,91,78,5.4,1
1041,17,91,77,74,5.2,1
1042,18,87,91,89,6.8,1
1043,18,73,93,64,4.1,1
1044,20,100,88,87,7.4,1
1045,20,75,65,82,3.9,1
1046,17,62,72,69,2.3,1
1047,19,50,49,58,2.7,1
1048,17,67,92,80,4.9,1
1049,20,90,73,84,4.9,1
1050,21,100,71,68,5.7,1
1051,20,63,86,77,4.8,1
1052,21,95,87,88,7.0,1
1053,16,84,95,79,4.5,1
1054,20,25,49,40,1.0,0
1055,16,67,76,73,4.8,1
1056,19,47,41,42,1.0,0
1057,17,78,78,81,5.5,1
1058,21,98,88,78,7.1,1
1059,17,78,78,57,3.0,1
1060,16,93,100,93,7.8,1
1061,21,94,97,74,6.7,1
1062,17,95,94,71,7.4,1
1063,20,84,74,88,5.4,1
1064,18,64,67,55,3.0,1
1065,16,100,100,69,6.6,1
1066,17,85,56,55,3.8,1
1067,16,65,83,75,5.2,1
1068,22,68,92,90,4.7,1
1069,16,89,82,86,7.2,1
1070,21,79,98,90,6.5,1
1071,22,64,86,69,4.8,1
1072,21,47,34,53,1.1,0
1073,18,62,81,64,3.7,1
1074,22,82,79,89,6.4,1
1075,20,100,85,66,5.6,1
1076,16,49,68,57,2.0,1
1077,17,46,66,55,1.4,1
1078,19,90,61,81,5.4,1
1079,16,58,83,47,2.9,1
1080,16,53,80,58,3.1,1
1081,18,87,98,89,6.3,1
1082,20,100,98,91,7.4,1
1083,19,63,61,85,3.5,1
1084,22,70,63,68,4.9,1
1085,22,83,56,52,4.9,1
1086,22,74,82,68,4.7,1
1087,21,100,90,46,5.1,1
1088,21,84,86,91,6.5,1
1089,17,86,62,67,3.7,1
1090,19,66,56,60,1.9,1
1091,22,100,93,100,8.4,1
1092,21,97,92,99,7.2,1
1093,17,52,53,33,2.8,0
1094,20,77,86,54,5.3,1
1095,17,92,100,78,7.0,1
1096,21,93,93,80,6.5,1
1097,18,73,82,82,5.9,1
1098,18,80,86,74,4.7,1
1099,22,100,100,97,8.5,1
1100,18,87,91,60,5.4,1
1101,22,77,62,60,4.0,1
1102,22,91,82,81,6.7,1
1103,21,86,66,74,5.2,1
1104,18,84,76,73,5.7,1
1105,22,90,91,80,5.4,1
1106,19,91,73,68,6.0,1
1107,20,65,35,57,3.0,1
1108,17,55,51,63,2.1,1
1109,17,100,83,94,7.9,1
1110,21,88,74,73,5.5,1
1111,18,78,100,80,6.5,1
1112,18,47,41,48,1.5,0
1113,22,94,99,83,7.1,1
1114,16,71,69,63,4.0,1
1115,22,68,70,61,3.4,1
1116,20,69,70,77,4.9,1
1117,19,63,76,66,3.0,1
1118,17,76,82,60,5.0,1
1119,22,88,80,92,4.7,1
1120,16,86,92,81,7.1,1
1121,16,100,100,98,8.0,1
1122,22,97,100,81,8.0,1
1123,21,62,49,64,0.5,1
1124,17,77,71,69,3.1,1
1125,21,27,24,52,0.5,0
1126,19,52,62,58,2.6,1
1127,16,78,67,46,3.7,1
1128,16,90,96,98,5.8,1
1129,20,76,61,78,4.0,1
1130,19,73,72,65,4.0,1
1131,16,92,100,82,5.4,1
1132,19,60,52,40,1.6,1
1133,17,63,49,43,3.3,1
1134,18,60,96,69,4.0,1
1135,16,59,65,63,4.6,1
1136,20,80,65,70,5.2,1
1137,17,85,85,92,8.0,1
1138,22,96,98,72,6.8,1
1139,19,64,82,65,3.5,1
1140,22,95,94,59,4.5,1
1141,21,77,72,81,4.3,1
1142,17,71,58,67,4.0,1
1143,22,67,73,83,5.5,1
1144,16,37,51,33,1.3,0
1145,19,100,89,92,6.8,1
1146,18,100,100,100,8.4,1
1147,17,100,57,73,4.5,1
1148,16,74,59,77,4.4,1
1149,20,84,75,74,5.3,1
1150,21,82,95,91,7.0,1
1151,19,84,67,89,4.4,1
1152,17,85,84,100,6.9,1
1153,17,93,98,84,6.0,1
1154,18,100,100,91,9.7,1
1155,18,75,60,77,4.3,1
1156,20,65,42,37,1.0,0
1157,21,50,62,50,2.1,1
1158,20,96,61,69,5.0,1
1159,16,84,97,100,7.1,1
1160,16,77,63,82,3.7,1
1161,20,74,77,85,4.5,1
1162,21,84,88,92,6.4,1
1163,20,48,50,53,3.1,1
1164,21,67,60,70,3.8,1
1165,21,58,78,81,2.7,1
1166,22,100,100,94,7.4,1
1167,19,100,77,100,8.1,1
1168,21,46,67,38,1.8,1
1169,18,95,78,81,4.7,1
1170,21,97,100,80,7.8,1
1171,21,92,75,77,5.8,1
1172,21,72,80,84,4.0,1
1173,22,53,51,60,1.9,1
1174,22,98,100,97,7.3,1
1175,16,76,100,77,5.7,1
1176,22,52,59,36,2.1,0
1177,18,85,80,79,7.4,1
1178,18,48,71,63,1.8,1
1179,22,72,80,76,4.6,1
1180,20,84,78,90,4.5,1
1181,19,100,100,95,8.2,1
1182,22,71,59,62,4.5,1
1183,21,78,64,71,4.5,1
1184,17,60,65,69,2.3,1
1185,19,63,59,47,3.7,1
1186,19,71,62,69,3.4,1
1187,18,66,81,52,3.5,1
1188,19,74,82,76,5.0,1
1189,22,35,28,53,0.1,0
1190,21,65,60,63,2.0,1
1191,21,73,90,88,4.8,1
1192,16,84,80,78,5.2,1
1193,21,63,83,77,4.5,1
1194,21,90,70,80,4.9,1
1195,18,67,74,59,4.2,1
1196,21,84,58,73,5.0,1
1197,16,84,90,53,5.9,1
1198,17,91,87,84,5.9,1
1199,22,73,51,36,3.6,1
1200,18,92,100,95,6.8,1
1201,17,63,85,94,5.3,1
1202,18,100,86,95,7.5,1
1203,20,100,100,99,7.9,1
1204,19,60,44,70,2.1,1
1205,20,73,54,60,3.3,1
1206,21,88,76,70,6.6,1
1207,17,58,41,54,1.7,1
1208,21,94,100,83,7.8,1
1209,19,78,73,71,4.3,1
1210,18,89,94,85,6.2,1
1211,19,74,41,68,4.8,1
1212,16,58,52,50,2.2,1
1213,19,86,87,63,7.1,1
1214,16,100,100,100,10.5,1
1215,19,76,70,64,4.0,1
1216,22,78,75,67,4.4,1
1217,16,55,43,53,0.0,1
1218,17,100,90,100,7.7,1
1219,21,94,84,81,6.8,1
1220,21,40,51,58,1.5,0
1221,20,62,54,53,0.9,1
1222,21,33,50,64,1.1,0
1223,18,92,76,72,6.3,1
1224,22,85,77,73,6.5,1
1225,19,66,70,55,3.2,1
1226,20,74,93,56,6.0,1
1227,18,91,91,76,5.3,1
1228,18,64,66,59,4.3,1
1229,16,100,67,89,6.9,1
1230,21,51,64,34,2.6,0
1231,17,100,84,88,7.3,1
1232,17,59,65,63,3.5,1
1233,20,100,100,90,8.6,1
1234,22,63,69,73,3.0,1
1235,17,65,82,61,4.3,1
1236,19,72,91,78,5.1,1
1237,17,72,93,68,5.1,1
1238,20,91,85,99,6.0,1
1239,17,59,38,57,2.4,1
1240,19,79,68,81,4.9,1
1241,16,79,95,83,5.3,1
1242,22,76,71,81,3.9,1
1243,20,96,100,81,5.8,1
1244,16,64,53,44,2.3,1
1245,16,72,99,75,4.3,1
1246,16,55,66,69,3.5,1
1247,18,55,67,38,4.4,1
1248,22,100,88,74,7.9,1
1249,21,83,100,100,7.9,1
1250,22,98,77,100,7.5,1
1251,18,86,64,68,4.1,1
1252,21,82,88,94,6.8,1
1253,22,68,51,77,5.2,1
1254,16,87,76,76,5.1,1
1255,20,50,96,72,4.8,1
1256,21,100,100,96,8.5,1
1257,19,100,88,95,7.7,1
1258,19,83,81,79,6.5,1
1259,17,67,78,86,4.7,1
1260,21,86,71,64,5.1,1
1261,20,77,90,100,6.1,1
1262,18,80,63,66,4.0,1
1263,16,84,78,85,6.9,1
1264,17,83,78,57,3.2,1
1265,19,93,91,84,5.8,1
1266,18,43,22,43,0.4,0
1267,18,88,65,63,3.9,1
1268,16,100,100,100,9.2,1
1269,21,100,89,100,7.1,1
1270,19,86,91,82,8.1,1
1271,20,62,64,76,3.7,1
1272,18,92,79,89,5.2,1
1273,16,87,93,71,7.6,1
1274,20,82,85,73,6.3,1
1275,21,77,82,94,6.0,1
1276,19,100,88,98,8.3,1
1277,21,72,49,81,2.9,1
1278,18,86,61,70,4.6,1
1279,20,43,53,48,1.5,0
1280,20,66,68,76,2.8,1
1281,20,87,80,78,7.1,1
1282,18,63,46,61,3.2,1
1283,18,97,77,90,6.5,1
1284,21,100,100,100,8.3,1
1285,17,55,70,63,4.6,1
1286,21,88,81,83,6.0,1
1287,19,100,77,80,6.5,1
1288,16,63,67,42,2.6,1
1289,20,71,67,62,3.8,1
1290,17,58,54,45,3.0,1
1291,16,85,56,61,3.9,1
1292,17,86,91,70,6.4,1
1293,22,69,71,76,3.8,1
1294,21,74,61,77,4.9,1
1295,18,64,77,79,2.9,1
1296,20,100,86,79,7.5,1
1297,21,62,42,69,3.9,1
1298,16,100,100,80,8.0,1
1299,22,84,76,68,5.1,1
1300,22,49,62,53,2.2,1
1301,22,77,94,94,4.7,1
1302,16,81,50,66,2.9,1
1303,16,71,91,80,6.2,1
1304,16,71,87,83,4.5,1
1305,16,84,67,84,5.3,1
1306,22,70,89,70,4.3,1
1307,22,100,52,75,3.9,1
1308,17,70,62,60,3.1,1
1309,21,83,75,100,6.7,1
1310,20,54,83,86,4.7,1
1311,18,78,61,66,4.4,1
1312,22,69,66,80,4.6,1
1313,18,81,56,72,3.6,1
1314,21,72,58,74,4.4,1
1315,21,77,70,83,5.4,1
1316,18,57,61,53,2.9,1
1317,22,75,63,59,3.2,1
1318,18,100,94,100,7.8,1
1319,17,91,64,73,4.3,1
1320,19,69,65,60,3.9,1
1321,22,67,39,57,2.3,1
1322,22,100,80,79,6.7,1
1323,20,69,59,72,2.9,1
1324,16,74,80,68,5.0,1
1325,19,57,55,55,1.6,1
1326,21,91,73,77,6.6,1
1327,22,97,98,100,7.4,1
1328,18,79,85,87,6.0,1
1329,19,33,72,62,1.9,1
1330,20,100,70,92,6.7,1
1331,21,70,63,60,3.3,1
1332,16,48,73,77,2.7,1
1333,16,80,67,69,4.2,1
1334,20,86,60,89,4.2,1
1335,20,79,60,65,4.0,1
1336,18,91,100,97,7.5,1
1337,22,100,86,100,9.0,1
1338,16,52,54,61,2.3,1
1339,21,77,56,48,3.6,1
1340,19,87,69,65,5.3,1
1341,21,100,76,86,4.2,1
1342,17,69,77,65,5.8,1
1343,17,93,92,95,6.8,1
1344,20,72,72,100,6.5,1
1345,18,95,95,88,6.2,1
1346,17,100,100,100,8.3,1
1347,16,68,69,63,1.8,1
1348,21,100,93,95,8.0,1
1349,21,54,76,74,4.2,1
1350,20,92,97,82,6.6,1
1351,22,67,67,60,2.9,1
1352,22,55,84,58,3.2,1
1353,19,87,66,87,6.3,1
1354,20,36,51,75,1.1,1
1355,19,89,86,100,7.0,1
1356,22,100,88,92,7.5,1
1357,20,90,97,84,5.4,1
1358,20,68,71,75,5.3,1
1359,20,59,75,80,3.3,1
1360,22,90,73,64,6.3,1
1361,19,87,94,100,5.7,1
1362,19,58,64,58,3.2,1
1363,20,78,68,65,4.2,1
1364,17,77,56,59,4.7,1
1365,18,47,68,71,4.2,1
1366,22,52,49,51,2.3,1
1367,18,85,100,96,6.4,1
1368,18,82,74,79,4.5,1
1369,19,86,69,67,5.0,1
1370,19,53,60,58,3.8,1
1371,17,92,67,73,6.0,1
1372,18,82,98,66,5.4,1
1373,18,100,100,86,7.4,1
1374,20,81,83,71,6.0,1
1375,19,76,100,85,4.6,1
1376,18,79,66,60,3.5,1
1377,21,94,100,91,6.7,1
1378,17,74,79,77,4.4,1
1379,21,72,68,52,4.7,1
1380,21,88,77,81,4.7,1
1381,22,60,75,51,4.2,1
1382,22,69,59,64,4.7,1
1383,17,97,100,100,8.9,1
1384,21,65,75,63,2.9,1
1385,18,78,57,61,3.4,1
1386,19,99,94,72,7.8,1
1387,17,63,58,81,4.3,1
1388,20,89,64,74,4.1,1
1389,21,100,86,78,7.1,1
1390,17,60,76,47,2.2,1
1391,16,90,84,95,6.6,1
1392,16,87,71,78,5.1,1
1393,22,89,82,65,5.9,1
1394,19,82,62,72,5.9,1
1395,18,66,39,88,3.7,1
1396,19,86,75,98,7.1,1
1397,19,59,73,68,3.9,1
1398,19,83,82,80,5.8,1
1399,19,100,100,66,7.5,1
1400,20,92,78,100,7.8,1
1401,20,84,71,67,4.5,1
1402,22,79,64,71,5.9,1
1403,17,56,75,79,4.3,1
1404,16,100,95,98,10.0,1
1405,19,100,85,64,6.6,1
1406,22,73,80,80,5.2,1
1407,17,69,76,61,5.6,1
1408,16,90,55,79,5.8,1
1409,21,77,100,83,5.9,1
1410,18,81,67,68,4.5,1
1411,20,85,52,67,4.2,1
1412,21,80,84,90,4.7,1
1413,16,69,70,78,2.7,1
1414,21,99,83,73,6.4,1
1415,18,77,84,58,3.4,1
1416,22,63,53,56,2.9,1
1417,16,87,79,74,5.0,1
1418,21,79,81,72,4.7,1
1419,20,87,98,96,5.5,1
1420,20,100,45,66,3.9,1
1421,17,76,98,58,4.2,1
1422,21,76,100,76,6.4,1
1423,19,88,91,86,6.3,1
1424,21,86,75,79,6.2,1
1425,22,78,67,79,5.1,1
1426,16,91,82,74,5.3,1
1427,16,95,86,85,5.5,1
1428,22,68,72,66,3.7,1
1429,21,89,99,79,7.9,1
1430,22,100,100,87,7.7,1
1431,18,87,61,100,6.6,1
1432,22,74,67,83,4.1,1
1433,20,87,68,68,6.1,1
1434,22,100,90,100,7.0,1
1435,16,63,75,62,2.6,1
1436,20,100,89,90,8.4,1
1437,16,38,43,50,1.5,0
1438,17,90,76,84,6.4,1
1439,19,100,88,100,7.9,1
1440,16,75,82,75,4.8,1
1441,20,85,84,76,4.7,1
1442,17,76,100,96,6.3,1
1443,16,100,90,92,8.7,1
1444,18,75,81,74,4.4,1
1445,22,61,76,70,3.4,1
1446,19,70,91,71,4.2,1
1447,16,54,44,61,1.9,1
1448,17,100,65,78,6.8,1
1449,18,70,66,79,4.0,1
1450,21,57,100,66,4.6,1
1451,17,88,76,90,6.8,1
1452,22,78,77,72,4.2,1
1453,17,99,60,76,6.5,1
1454,18,71,84,80,2.9,1
1455,17,100,67,100,6.9,1
1456,18,86,53,69,5.7,1
1457,16,81,76,82,4.8,1
1458,18,72,80,75,5.3,1
1459,18,37,75,51,2.4,1
1460,19,67,88,80,5.2,1
1461,18,70,50,82,4.7,1
1462,18,46,57,61,2.5,1
1463,21,66,59,63,3.7,1
1464,16,72,58,87,4.7,1
1465,22,79,73,82,3.8,1
1466,19,31,55,38,0.2,0
1467,21,99,82,89,7.2,1
1468,20,73,70,55,4.7,1
1469,16,33,42,57,0.5,0
1470,16,100,99,100,9.3,1
1471,20,79,89,94,7.5,1
1472,22,81,64,59,4.3,1
1473,18,80,66,82,3.3,1
1474,21,83,75,100,5.8,1
1475,17,83,84,72,5.4,1
1476,19,85,77,86,6.1,1
1477,17,58,72,73,3.3,1
1478,20,100,85,96,7.2,1
1479,16,75,77,70,4.1,1
1480,22,62,76,100,6.4,1
1481,16,56,76,48,3.4,1
1482,19,100,92,89,10.3,1
1483,16,100,86,83,6.4,1
1484,16,100,100,100,10.8,1
1485,19,96,88,97,6.7,1
1486,21,67,55,51,3.9,1
1487,21,100,86,100,6.7,1
1488,19,100,76,91,6.8,1
1489,22,83,79,66,5.7,1
1490,20,100,82,81,6.3,1
1491,16,93,91,94,6.5,1
1492,22,49,63,76,3.0,1
1493,16,64,84,61,2.9,1
1494,20,72,59,71,3.4,1
1495,21,81,77,75,5.3,1
1496,22,72,100,71,4.6,1
1497,18,81,60,70,3.0,1
1498,18,80,99,100,6.6,1
1499,18,57,88,66,5.6,1
1500,21,98,100,74,5.3,1
1501,21,63,56,65,4.5,1
1502,20,70,52,59,4.2,1
1503,16,62,51,53,3.3,1
1504,20,100,92,86,6.9,1
1505,20,83,55,54,3.6,1
1506,21,70,54,65,5.4,1
1507,18,100,89,92,8.3,1
1508,17,87,76,60,4.3,1
1509,16,95,79,91,6.9,1
1510,21,98,98,76,6.1,1
1511,18,95,67,65,5.6,1
1512,22,84,83,100,5.9,1
1513,17,76,70,50,4.8,1
1514,17,86,79,85,5.1,1
1515,21,54,72,72,3.9,1
1516,19,77,96,70,5.1,1
1517,16,58,76,57,3.8,1
1518,17,100,85,100,7.0,1
1519,21,49,60,77,1.6,1
1520,21,90,93,77,6.0,1
1521,18,83,100,74,5.7,1
1522,22,81,78,90,5.5,1
1523,19,98,90,84,7.0,1
1524,16,67,88,77,4.4,1
1525,20,82,56,84,5.5,1
1526,22,50,50,55,1.6,1
1527,22,69,79,72,4.2,1
1528,18,97,100,89,6.7,1
1529,17,53,31,46,2.3,0
1530,17,98,63,69,5.3,1
1531,18,75,37,69,3.6,1
1532,21,64,86,68,4.8,1
1533,17,75,71,98,3.8,1
1534,19,53,76,61,2.5,1
1535,16,87,82,60,5.8,1
1536,22,71,100,43,4.9,1
1537,22,67,74,91,6.2,1
1538,19,92,83,86,6.6,1
1539,17,85,99,100,7.5,1
1540,22,86,70,69,5.3,1
1541,20,100,99,88,7.5,1
1542,16,57,61,66,3.0,1
1543,16,100,87,84,6.8,1
1544,22,74,81,77,5.9,1
1545,18,77,88,85,5.5,1
1546,22,75,79,71,5.9,1
1547,18,85,50,69,3.1,1
1548,22,74,61,80,2.6,1
1549,20,92,93,100,8.4,1
1550,21,69,62,53,4.7,1
1551,16,68,53,67,4.6,1
1552,22,56,72,64,2.8,1
1553,20,45,63,71,2.0,1
1554,18,72,92,76,4.8,1
1555,18,84,72,84,4.3,1
1556,16,99,89,67,5.0,1
1557,19,66,67,79,5.2,1
1558,22,100,89,100,10.0,1
1559,17,76,63,85,4.3,1
1560,18,89,96,100,8.2,1
1561,21,100,100,100,8.3,1
1562,21,97,100,93,6.5,1
1563,18,83,77,58,4.5,1
1564,19,63,85,56,2.3,1
1565,19,82,85,69,6.0,1
1566,20,94,92,79,7.0,1
1567,21,96,100,94,8.5,1
1568,20,69,68,38,3.1,1
1569,21,92,77,70,4.5,1
1570,22,69,48,54,3.1,1
1571,22,62,78,55,3.7,1
1572,17,100,100,83,6.3,1
1573,22,92,56,62,3.6,1
1574,17,69,65,69,3.4,1
1575,22,98,71,77,6.6,1
1576,16,93,92,78,5.9,1
1577,22,69,90,100,5.7,1
1578,20,65,49,74,3.7,1
1579,18,95,79,81,7.6,1
1580,20,88,52,88,5.0,1
1581,18,100,100,100,9.8,1
1582,19,81,69,83,5.3,1
1583,20,36,42,38,0.3,0
1584,19,24,39,57,0.2,0
1585,17,89,97,75,6.2,1
1586,17,91,100,100,7.6,1
1587,16,56,73,62,3.4,1
1588,22,100,96,97,9.2,1
1589,20,100,100,100,8.3,1
1590,19,78,90,92,5.4,1
1591,18,73,92,100,6.1,1
1592,17,86,74,86,6.8,1
1593,22,100,90,93,8.8,1
1594,17,95,100,74,6.4,1
1595,18,78,100,61,5.4,1
1596,22,90,85,71,6.3,1
1597,22,68,83,84,6.1,1
1598,19,72,91,97,6.8,1
1599,19,74,62,46,1.9,1
1600,20,89,63,87,5.6,1
1601,20,87,86,70,5.9,1
1602,21,75,63,66,4.9,1
1603,21,75,87,72,6.6,1
1604,16,100,92,100,8.8,1
1605,17,71,71,94,5.3,1
1606,20,98,88,75,6.4,1
1607,19,100,91,85,8.2,1
1608,18,81,65,83,5.3,1
1609,19,52,81,83,3.2,1
1610,17,76,72,99,6.2,1
1611,21,48,18,44,0.6,0
1612,19,43,51,45,0.4,0
1613,16,86,78,65,5.7,1
1614,17,45,43,42,0.3,0
1615,21,39,60,60,2.4,1
1616,18,83,86,55,4.2,1
1617,21,65,89,60,3.6,1
1618,22,89,77,75,4.7,1
1619,16,77,78,71,7.2,1
1620,17,89,82,83,5.5,1
1621,18,71,72,76,3.3,1
1622,16,86,100,97,7.7,1
1623,21,50,58,52,2.1,1
1624,16,72,73,90,5.4,1
1625,17,63,44,71,1.9,1
1626,20,87,79,81,5.5,1
1627,16,91,54,73,4.4,1
1628,22,99,97,81,7.2,1
1629,16,98,88,78,6.4,1
1630,21,82,70,79,3.8,1
1631,21,72,74,85,3.4,1
1632,18,71,90,66,4.4,1
1633,21,100,100,95,8.8,1
1634,19,100,100,87,8.2,1
1635,17,72,59,58,3.1,1
1636,17,85,94,70,6.6,1
1637,20,58,52,58,1.5,1
1638,20,76,84,55,4.1,1
1639,17,52,77,57,3.1,1
1640,22,100,95,86,7.1,1
1641,20,60,57,44,2.4,1
1642,18,81,80,71,5.9,1
1643,21,81,82,62,5.0,1
1644,17,71,79,84,4.6,1
1645,20,100,96,100,8.3,1
1646,17,100,100,87,8.5,1
1647,19,62,65,100,4.7,1
1648,16,73,77,60,4.3,1
1649,21,51,47,52,2.0,1
1650,17,86,86,80,5.0,1
1651,16,100,100,100,8.9,1
1652,20,72,94,69,4.7,1
1653,16,84,87,96,6.5,1
1654,21,40,60,71,2.2,1
1655,17,64,53,69,4.1,1
1656,19,83,100,78,5.9,1
1657,22,68,77,69,5.2,1
1658,20,100,100,73,6.6,1
1659,17,73,69,58,3.8,1
1660,21,50,49,59,1.5,1
1661,20,97,86,88,7.2,1
1662,18,67,71,60,3.1,1
1663,16,94,90,74,6.0,1
1664,22,95,67,74,5.9,1
1665,21,50,47,54,1.7,1
1666,18,95,100,86,7.1,1
1667,17,72,61,68,3.9,1
1668,19,78,67,70,5.1,1
1669,20,83,74,63,4.3,1
1670,16,100,100,94,8.2,1
1671,20,100,90,98,7.7,1
1672,22,42,73,47,1.4,1
1673,17,100,100,75,9.5,1
1674,20,72,52,51,3.6,1
1675,16,100,86,100,9.2,1
1676,17,79,85,82,4.5,1
1677,20,68,58,77,4.3,1
1678,19,83,73,77,4.5,1
1679,21,78,60,81,4.2,1
1680,17,100,100,100,10.0,1
1681,21,78,79,75,4.8,1
1682,17,53,56,62,4.4,1
1683,19,69,72,74,5.2,1
1684,21,63,55,84,3.1,1
1685,18,100,87,85,8.2,1
1686,16,62,52,44,2.1,1
1687,18,88,61,65,3.8,1
1688,20,96,100,82,6.9,1
1689,19,80,69,78,5.1,1
1690,18,100,90,90,6.1,1
1691,17,100,100,89,8.1,1
1692,20,86,72,100,7.0,1
1693,20,85,73,90,5.3,1
1694,18,100,100,91,9.2,1
1695,18,61,71,66,3.7,1
1696,19,84,72,79,4.8,1
1697,16,78,88,65,4.9,1
1698,18,82,76,51,4.8,1
1699,22,66,67,83,2.9,1
1700,18,50,47,43,1.8,0
1701,21,85,88,89,5.8,1
1702,17,66,91,74,3.7,1
1703,22,100,100,88,8.8,1
1704,22,70,89,95,4.9,1
1705,21,69,70,72,4.5,1
1706,21,93,100,89,7.2,1
1707,20,90,94,62,5.8,1
1708,16,62,77,49,4.6,1
1709,17,68,67,64,3.7,1
1710,19,100,100,100,12.0,1
1711,22,81,81,58,5.7,1
1712,19,90,99,89,7.2,1
1713,18,65,53,63,3.0,1
1714,18,68,53,81,3.8,1
1715,19,100,100,100,9.2,1
1716,18,100,99,93,7.8,1
1717,16,71,67,79,5.9,1
1718,21,64,71,62,4.2,1
1719,18,74,76,59,4.5,1
1720,20,68,83,59,3.6,1
1721,18,52,55,49,2.7,1
1722,17,100,100,84,6.8,1
1723,16,97,85,81,6.1,1
1724,17,75,73,80,6.5,1
1725,17,77,68,72,4.3,1
1726,20,83,67,72,5.5,1
1727,16,85,68,78,4.1,1
1728,16,52,72,68,3.5,1
1729,16,100,100,89,8.3,1
1730,16,73,64,63,5.2,1
1731,16,91,68,80,6.0,1
1732,20,87,93,97,6.7,1
1733,18,78,86,83,5.3,1
1734,17,67,74,86,5.5,1
1735,16,74,31,69,2.8,1
1736,22,62,50,77,3.2,1
1737,18,62,75,73,3.1,1
1738,18,100,76,83,6.2,1
1739,17,90,73,71,5.1,1
1740,20,58,71,73,3.2,1
1741,19,83,81,55,6.2,1
1742,19,91,100,95,6.1,1
1743,18,76,62,74,3.6,1
1744,21,96,65,92,4.9,1
1745,21,72,98,69,6.1,1
1746,17,73,65,77,3.3,1
1747,19,97,71,88,6.1,1
1748,18,76,86,71,5.6,1
1749,20,60,59,61,3.0,1
1750,19,66,66,75,5.4,1
1751,18,80,83,75,5.7,1
1752,18,71,66,52,3.7,1
1753,16,87,49,81,3.9,1
1754,20,80,50,52,3.0,1
1755,16,62,93,58,4.1,1
1756,17,94,77,88,5.0,1
1757,16,51,85,52,3.9,1
1758,22,50,59,53,2.0,1
1759,16,65,82,55,3.6,1
1760,22,76,78,88,4.2,1
1761,19,93,76,97,6.6,1
1762,21,93,92,73,6.2,1
1763,18,91,77,74,6.7,1
1764,22,77,77,74,3.5,1
1765,20,89,81,81,5.3,1
1766,16,38,43,42,0.2,0
1767,22,95,78,75,5.9,1
1768,20,100,94,79,6.2,1
1769,21,67,70,80,4.3,1
1770,21,100,58,95,5.6,1
1771,16,50,35,77,2.0,1
1772,17,81,50,57,3.4,1
1773,16,86,96,84,6.5,1
1774,19,95,94,95,6.0,1
1775,22,75,75,60,4.2,1
1776,18,74,91,77,6.6,1
1777,17,100,96,85,5.3,1
1778,16,63,74,63,4.0,1
1779,20,64,81,56,4.6,1
1780,17,66,70,60,4.1,1
1781,22,86,54,71,2.6,1
1782,17,87,91,92,7.5,1
1783,22,72,93,51,3.9,1
1784,16,55,52,58,3.3,1
1785,22,45,59,76,1.9,1
1786,17,24,23,44,0.0,0
1787,20,94,79,80,6.4,1
1788,21,91,97,84,6.6,1
1789,17,87,72,91,7.4,1
1790,22,86,85,68,4.7,1
1791,21,84,97,86,4.4,1
1792,22,76,74,63,4.0,1
1793,20,85,86,81,4.2,1
1794,22,94,95,100,7.2,1
1795,16,82,84,78,4.9,1
1796,18,82,88,68,5.8,1
1797,17,57,64,71,4.1,1
1798,18,100,88,84,7.6,1
1799,22,51,64,62,1.2,1
1800,20,60,59,62,2.6,1
1801,17,90,80,78,5.8,1
1802,22,100,99,84,8.5,1
1803,21,73,77,51,4.5,1
1804,19,56,50,55,3.3,1
1805,22,93,88,94,7.0,1
1806,18,83,84,91,5.6,1
1807,17,100,79,87,7.6,1
1808,18,60,61,49,2.4,1
1809,17,87,83,91,7.4,1
1810,22,63,59,63,1.9,1
1811,16,81,98,79,4.4,1
1812,21,87,81,81,5.8,1
1813,22,92,66,100,5.4,1
1814,18,100,94,100,7.1,1
1815,19,46,56,39,1.3,0
1816,19,73,67,60,5.3,1
1817,20,99,73,76,7.4,1
1818,17,86,66,88,5.1,1
1819,18,60,60,42,2.7,1
1820,20,86,85,92,7.0,1
1821,18,71,80,65,3.7,1
1822,17,46,72,51,3.4,1
1823,22,61,64,66,3.1,1
1824,22,85,53,70,4.6,1
1825,19,92,87,86,5.4,1
1826,22,22,83,42,2.5,0
1827,22,61,72,52,2.9,1
1828,16,74,59,56,3.6,1
1829,19,53,62,70,3.1,1
1830,20,77,83,72,5.1,1
1831,21,97,98,92,5.7,1
1832,16,78,71,73,5.4,1
1833,20,99,74,80,5.5,1
1834,17,98,99,100,8.3,1
1835,16,100,81,60,5.8,1
1836,20,93,97,84,6.6,1
1837,17,64,74,69,4.2,1
1838,19,100,73,77,6.9,1
1839,21,60,62,67,4.1,1
1840,17,78,75,83,5.8,1
1841,22,63,31,50,2.3,0
1842,18,83,90,77,5.3,1
1843,17,66,64,51,3.0,1
1844,17,91,83,84,6.9,1
1845,21,82,100,96,6.8,1
1846,18,66,74,80,4.1,1
1847,22,100,90,100,9.1,1
1848,20,61,80,70,4.4,1
1849,20,70,71,52,1.8,1
1850,17,70,64,73,3.4,1
1851,18,57,61,75,2.9,1
1852,18,66,83,80,5.8,1
1853,22,41,44,76,2.5,1
1854,21,67,70,76,3.9,1
1855,19,80,70,72,5.6,1
1856,20,83,79,71,5.3,1
1857,21,97,78,74,5.0,1
1858,16,87,85,59,5.3,1
1859,20,73,78,64,4.3,1
1860,21,66,43,68,1.8,1
1861,20,75,73,84,4.2,1
1862,19,100,94,83,5.9,1
1863,16,70,61,78,4.7,1
1864,19,74,100,76,5.8,1
1865,22,50,56,60,3.8,1
1866,16,94,100,93,7.0,1
1867,17,27,30,40,0.0,0
1868,21,69,78,95,5.3,1
1869,16,100,93,95,7.7,1
1870,22,86,81,97,8.0,1
1871,22,77,81,60,4.5,1
1872,19,57,67,33,2.3,1
1873,20,100,100,96,7.7,1
1874,16,93,73,68,4.9,1
1875,21,69,66,84,4.7,1
1876,16,79,77,54,3.2,1
1877,18,42,62,54,2.5,1
1878,20,95,75,93,6.1,1
1879,21,100,88,87,6.3,1
1880,21,42,59,66,5.4,1
1881,17,67,67,66,3.5,1
1882,19,62,70,83,2.9,1
1883,17,57,54,59,2.1,1
1884,21,88,77,66,3.9,1
1885,20,56,72,72,3.0,1
1886,16,40,56,58,1.6,1
1887,16,91,100,98,6.3,1
1888,20,70,75,67,2.4,1
1889,21,100,98,96,7.0,1
1890,22,86,86,96,5.8,1
1891,16,82,78,75,5.6,1
1892,22,86,92,88,8.3,1
1893,16,65,68,44,2.4,1
1894,16,100,86,82,6.7,1
1895,19,68,60,57,4.4,1
1896,19,100,100,100,10.1,1
1897,18,63,63,63,4.2,1
1898,17,79,90,78,3.9,1
1899,20,83,93,88,5.9,1
1900,20,75,74,68,4.6,1
1901,20,74,71,76,3.5,1
1902,18,68,70,65,3.1,1
1903,19,100,86,72,7.9,1
1904,21,63,46,50,2.7,1
1905,22,85,92,69,5.4,1
1906,22,98,75,87,7.1,1
1907,21,100,92,83,7.2,1
1908,18,75,59,61,3.8,1
1909,21,64,76,78,4.6,1
1910,20,67,68,78,4.2,1
1911,17,53,61,49,1.9,1
1912,16,93,56,72,6.1,1
1913,22,96,91,89,5.1,1
1914,19,95,100,100,7.9,1
1915,19,75,77,55,3.4,1
1916,18,91,100,98,7.2,1
1917,19,100,96,87,7.3,1
1918,20,99,70,83,5.1,1
1919,22,28,52,38,0.7,0
1920,21,68,73,55,4.0,1
1921,20,85,100,84,8.6,1
1922,18,67,88,72,5.6,1
1923,20,74,87,80,6.4,1
1924,21,84,80,84,4.8,1
1925,17,81,80,63,4.6,1
1926,18,58,64,45,1.3,1
1927,17,98,100,100,6.6,1
1928,16,100,99,88,7.2,1
1929,17,65,70,66,3.1,1
1930,16,75,71,80,4.6,1
1931,16,85,68,65,4.4,1
1932,17,86,73,79,5.8,1
1933,18,76,30,64,3.9,1
1934,21,71,80,85,6.9,1
1935,20,69,75,84,5.1,1
1936,20,49,38,52,0.0,0
1937,21,80,88,55,5.9,1
1938,22,82,81,97,7.0,1
1939,22,68,51,57,2.7,1
1940,16,86,57,84,5.8,1
1941,16,100,100,92,8.7,1
1942,18,96,67,75,5.2,1
1943,19,100,84,100,7.3,1
1944,17,70,77,73,4.1,1
1945,16,87,66,88,5.0,1
1946,20,54,78,72,4.6,1
1947,18,84,56,68,4.2,1
1948,17,66,74,73,4.7,1
1949,18,39,46,41,1.7,0
1950,17,56,68,41,4.3,1
1951,17,82,100,82,7.7,1
1952,21,75,44,74,3.1,1
1953,16,69,79,78,2.9,1
1954,18,73,66,53,5.1,1
1955,18,90,88,90,5.2,1
1956,21,80,95,73,5.8,1
1957,20,81,80,58,4.8,1
1958,20,75,63,87,5.1,1
1959,22,73,75,65,4.3,1
1960,16,50,89,88,2.4,1
1961,16,71,76,66,4.9,1
1962,19,96,85,80,6.4,1
1963,21,95,81,70,6.0,1
1964,20,47,58,55,1.5,1
1965,17,68,79,86,5.5,1
1966,18,90,67,45,3.2,1
1967,16,100,93,99,7.8,1
1968,18,88,69,74,5.7,1
1969,18,81,100,76,6.8,1
1970,19,92,75,59,5.0,1
1971,20,92,100,85,4.9,1
1972,16,86,100,96,8.0,1
1973,18,94,97,79,6.9,1
1974,16,79,74,84,5.2,1
1975,17,100,67,78,4.6,1
1976,19,67,49,64,1.6,1
1977,17,70,71,96,5.6,1
1978,16,70,63,75,4.7,1
1979,22,79,100,100,6.1,1
1980,16,97,98,100,6.7,1
1981,20,100,100,98,7.5,1
1982,18,86,95,60,5.7,1
1983,18,68,55,63,2.9,1
1984,17,38,28,51,0.7,0
1985,19,72,60,67,3.4,1
1986,22,96,97,89,7.7,1
1987,21,92,100,100,8.6,1
1988,18,80,72,80,4.5,1
1989,20,56,92,39,2.1,1
1990,17,58,62,82,3.7,1
1991,17,100,100,72,7.3,1
1992,21,62,61,63,3.8,1
1993,20,95,90,72,6.2,1
1994,19,78,77,68,5.3,1
1995,20,100,83,95,6.4,1
1996,19,100,94,97,8.6,1
1997,20,72,87,89,6.2,1
1998,20,90,89,83,5.3,1
1999,16,100,92,77,8.9,1
2000,17,81,81,73,5.7,1
2001,20,73,71,73,3.4,1
2002,21,92,94,90,6.4,1
2003,20,83,100,61,5.9,1
2004,18,83,79,82,4.4,1
2005,17,63,65,75,4.0,1
2006,18,75,65,60,4.4,1
2007,17,73,62,72,3.9,1
2008,18,78,65,69,4.5,1
2009,20,58,67,70,3.3,1
2010,20,100,87,59,5.8,1
2011,16,97,91,74,5.6,1
2012,21,95,89,92,5.7,1
2013,18,93,91,80,4.9,1
2014,19,77,66,81,4.6,1
2015,16,99,100,89,7.9,1
2016,18,69,70,81,5.1,1
2017,18,92,98,88,7.5,1
2018,16,53,60,52,3.0,1
2019,20,84,85,79,6.2,1
2020,18,70,74,81,3.5,1
2021,20,80,52,80,3.9,1
2022,16,82,61,59,4.2,1
2023,20,61,79,65,4.1,1
2024,17,79,70,59,4.1,1
2025,19,100,90,91,7.4,1
2026,22,78,64,86,5.1,1
2027,18,95,77,100,5.5,1
2028,21,81,78,53,4.1,1
2029,19,80,82,94,6.7,1
2030,22,100,98,79,5.7,1
2031,20,68,85,67,4.4,1
2032,18,63,50,45,1.8,1
2033,20,92,72,96,5.4,1
2034,17,77,52,64,6.2,1
2035,16,65,50,57,3.0,1
2036,18,84,59,75,4.4,1
2037,22,76,67,86,6.1,1
2038,22,56,54,70,1.9,1
2039,17,79,71,57,3.7,1
2040,17,96,100,86,5.8,1
2041,18,93,93,87,7.2,1
2042,20,100,83,100,9.4,1
2043,21,100,95,93,8.9,1
2044,22,84,86,78,5.3,1
2045,22,65,69,67,4.0,1
2046,17,82,99,81,6.8,1
2047,19,74,63,62,3.9,1
2048,17,82,80,70,3.5,1
2049,21,73,75,56,4.4,1
2050,20,64,73,67,4.1,1
2051,20,94,84,71,5.8,1
2052,19,72,59,66,3.8,1
2053,22,86,77,74,5.2,1
2054,17,100,100,100,8.2,1
2055,20,77,61,83,5.2,1
2056,21,98,98,96,8.0,1
2057,18,100,100,91,7.4,1
2058,16,86,90,80,6.2,1
2059,16,80,88,68,4.3,1
2060,16,90,96,68,7.1,1
2061,22,80,62,80,4.5,1
2062,17,87,86,77,5.0,1
2063,19,88,68,92,5.7,1
2064,20,89,74,68,5.0,1
2065,18,63,63,80,3.6,1
2066,21,62,47,54,1.9,1
2067,18,97,100,80,6.9,1
2068,21,80,83,98,6.1,1
2069,22,33,74,58,1.6,1
2070,17,51,70,84,3.5,1
2071,16,61,69,79,5.4,1
2072,17,91,78,89,5.9,1
2073,22,52,55,68,2.0,1
2074,19,79,71,70,4.8,1
2075,19,86,81,85,6.1,1
2076,22,80,78,72,4.3,1
2077,21,90,84,87,5.5,1
2078,20,72,78,57,4.0,1
2079,20,95,100,92,6.8,1
2080,21,68,60,75,3.4,1
2081,19,75,74,53,2.7,1
2082,19,60,94,65,5.1,1
2083,19,50,72,39,2.1,1
2084,17,55,26,72,0.8,1
2085,19,100,100,80,7.2,1
2086,18,68,55,78,3.0,1
2087,16,56,36,56,2.3,0
2088,19,85,87,77,3.4,1
2089,21,68,71,71,3.3,1
2090,16,77,81,96,4.7,1
2091,17,75,57,77,2.8,1
2092,21,92,86,83,6.0,1
2093,16,99,84,86,6.3,1
2094,21,70,52,67,2.5,1
2095,17,66,68,97,3.8,1
2096,18,89,71,69,4.0,1
2097,17,52,59,58,4.7,1
2098,17,77,93,90,7.2,1
2099,21,91,71,81,7.3,1
2100,22,100,100,100,10.0,1
2101,20,47,44,60,0.5,1
2102,19,58,51,69,3.2,1
2103,19,100,100,90,8.6,1
2104,18,49,42,51,1.4,0
2105,18,100,100,84,8.6,1
2106,19,74,84,90,5.3,1
2107,20,66,67,86,5.4,1
2108,19,70,82,47,2.4,1
2109,22,65,95,97,4.1,1
2110,20,100,95,93,8.5,1
2111,18,72,62,77,4.9,1
2112,16,80,64,65,4.1,1
2113,21,72,76,84,5.8,1
2114,22,48,87,73,4.6,1
2115,22,98,75,63,5.7,1
2116,18,68,51,77,3.3,1
2117,18,89,76,64,4.8,1
2118,17,82,50,77,3.7,1
2119,22,42,64,50,1.4,1
2120,17,88,91,81,6.0,1
2121,17,65,52,65,2.5,1
2122,21,76,69,74,4.7,1
2123,17,92,93,94,6.9,1
2124,20,53,42,49,2.0,0
2125,19,100,75,93,6.2,1
2126,16,72,70,60,4.4,1
2127,18,70,47,53,3.1,1
2128,20,100,99,100,9.0,1
2129,16,70,64,86,5.0,1
2130,22,74,86,71,3.9,1
2131,22,51,60,81,3.4,1
2132,22,98,78,76,6.8,1
2133,20,79,76,54,3.8,1
2134,20,100,79,93,6.5,1
2135,18,70,63,76,5.0,1
2136,19,92,100,97,7.2,1
2137,17,66,58,51,2.9,1
2138,22,60,74,59,3.2,1
2139,21,55,72,90,4.4,1
2140,19,71,75,70,4.6,1
2141,21,77,78,86,4.3,1
2142,18,100,100,100,10.3,1
2143,18,100,95,96,9.1,1
2144,18,86,95,94,5.6,1
2145,16,92,89,83,5.8,1
2146,21,85,72,72,4.5,1
2147,19,42,71,61,2.9,1
2148,19,66,80,77,4.6,1
2149,20,93,98,71,6.5,1
2150,20,100,81,100,7.6,1
2151,22,100,90,91,7.0,1
2152,20,59,69,50,2.0,1
2153,18,72,92,57,4.4,1
2154,19,61,50,54,2.1,1
2155,21,92,95,91,7.3,1
2156,18,65,71,71,4.2,1
2157,16,72,61,76,4.9,1
2158,20,100,80,88,6.0,1
2159,18,100,96,95,10.5,1
2160,18,80,78,77,5.5,1
2161,16,80,61,75,4.5,1
2162,17,51,61,65,2.5,1
2163,19,100,93,100,7.9,1
2164,21,79,70,70,4.6,1
2165,22,100,100,95,8.3,1
2166,17,95,93,80,7.2,1
2167,20,63,93,73,4.1,1
2168,18,71,62,48,2.2,1
2169,16,86,90,84,5.5,1
2170,16,59,58,80,3.8,1
2171,19,82,69,80,5.1,1
2172,17,98,91,100,7.1,1
2173,22,31,68,50,1.7,0
2174,19,97,76,64,5.5,1
2175,18,82,70,82,6.5,1
2176,19,100,92,77,6.6,1
2177,21,66,58,53,2.3,1
2178,16,75,75,55,5.8,1
2179,16,96,89,91,7.4,1
2180,20,94,71,79,5.7,1
2181,20,76,86,83,4.8,1
2182,22,100,93,94,7.3,1
2183,18,65,70,64,3.6,1
2184,21,54,48,66,1.9,1
2185,17,86,90,82,4.6,1
2186,19,94,87,76,6.1,1
2187,22,87,66,89,7.1,1
2188,18,93,90,98,6.1,1
2189,20,95,85,88,6.7,1
2190,19,87,89,78,7.1,1
2191,20,60,84,58,4.3,1
2192,19,58,75,57,4.7,1
2193,17,97,100,68,7.6,1
2194,18,60,61,55,2.6,1
2195,19,92,77,78,5.9,1
2196,21,77,45,55,3.6,1
2197,22,93,83,80,7.2,1
2198,16,79,73,64,5.0,1
2199,21,72,94,57,5.0,1
2200,21,100,95,94,8.5,1
2201,22,72,81,69,2.8,1
2202,16,84,66,71,5.4,1
2203,21,88,64,85,4.6,1
2204,19,98,98,83,6.1,1
2205,19,100,97,100,8.9,1
2206,19,71,81,68,3.8,1
2207,16,55,50,67,2.6,1
2208,21,73,57,49,3.4,1
2209,16,72,81,81,4.5,1
2210,19,86,67,75,5.1,1
2211,22,74,75,88,5.2,1
2212,21,100,100,93,8.6,1
2213,21,100,96,100,8.2,1
2214,20,90,88,96,7.6,1
2215,20,100,97,95,10.0,1
2216,17,98,100,97,6.6,1
2217,18,98,100,76,7.2,1
2218,20,73,92,72,6.6,1
2219,16,100,83,96,6.3,1
2220,20,77,80,83,5.8,1
2221,17,83,81,70,4.2,1
2222,21,53,71,54,2.5,1
2223,17,69,68,82,4.7,1
2224,21,95,97,78,6.1,1
2225,22,86,85,77,5.1,1
2226,22,51,74,50,2.9,1
2227,21,91,55,72,4.7,1
2228,18,74,69,74,4.6,1
2229,20,79,74,80,4.9,1
2230,16,85,78,84,6.0,1
2231,16,80,100,79,6.4,1
2232,19,79,65,72,4.0,1
2233,21,98,96,97,7.0,1
2234,16,90,94,72,7.3,1
2235,18,94,77,76,5.6,1
2236,21,90,77,85,6.3,1
2237,18,96,100,76,7.0,1
2238,16,80,58,72,2.8,1
2239,16,80,100,94,7.1,1
2240,19,50,65,76,3.4,1
2241,16,54,61,90,3.6,1
2242,21,86,81,81,5.4,1
2243,22,42,50,46,0.7,0
2244,21,80,74,87,5.4,1
2245,21,86,81,80,7.0,1
2246,19,70,59,60,1.7,1
2247,19,100,93,99,7.2,1
2248,16,77,59,75,3.6,1
2249,17,68,68,92,5.4,1
2250,17,66,73,65,3.9,1
2251,19,97,61,89,6.1,1
2252,16,95,87,88,7.0,1
2253,17,99,87,85,6.3,1
2254,16,92,97,77,5.0,1
2255,16,91,70,74,4.0,1
2256,16,72,72,74,4.9,1
2257,20,91,89,67,6.3,1
2258,21,86,78,85,6.4,1
2259,16,68,82,85,6.1,1
2260,20,66,59,58,2.4,1
2261,19,85,84,79,5.0,1
2262,17,64,59,65,3.7,1
2263,21,74,86,79,6.3,1
2264,22,64,45,81,3.5,1
2265,17,94,89,100,5.9,1
2266,21,88,70,81,4.4,1
2267,22,42,73,45,1.2,1
2268,17,100,94,88,6.9,1
2269,21,85,65,76,4.9,1
2270,17,100,82,97,7.6,1
2271,17,40,61,57,1.7,1
2272,22,62,94,78,4.4,1
2273,17,68,92,92,4.6,1
2274,17,80,65,57,5.5,1
2275,22,76,60,53,2.3,1
2276,19,82,98,92,6.1,1
2277,16,100,87,97,8.8,1
2278,18,82,95,86,5.9,1
2279,20,86,69,74,5.2,1
2280,18,56,54,75,2.2,1
2281,18,69,69,78,3.5,1
2282,21,82,89,77,4.9,1
2283,16,68,87,86,3.9,1
2284,21,100,87,91,7.1,1
2285,16,100,78,82,6.1,1
2286,22,100,100,100,10.4,1
2287,22,75,72,47,3.0,1
2288,16,78,89,77,5.1,1
2289,17,53,68,62,2.2,1
2290,19,51,49,46,0.6,0
2291,17,87,91,75,6.4,1
2292,19,91,81,80,6.0,1
2293,21,68,63,48,3.3,1
2294,19,60,88,93,5.2,1
2295,21,73,71,84,3.7,1
2296,22,57,64,69,4.0,1
2297,18,61,85,67,4.4,1
2298,22,69,57,47,3.2,1
2299,22,74,68,59,3.6,1
2300,18,80,52,82,3.6,1
2301,19,75,71,79,5.8,1
2302,19,32,42,39,0.0,0
2303,21,80,65,72,4.5,1
2304,17,74,58,55,2.8,1
2305,21,65,76,45,2.9,1
2306,17,62,67,65,3.9,1
2307,22,95,87,63,5.0,1
2308,18,74,64,77,4.6,1
2309,22,60,68,72,2.9,1
2310,16,76,74,75,6.4,1
2311,19,72,61,66,3.2,1
2312,17,76,73,65,3.5,1
2313,21,77,81,70,5.6,1
2314,18,100,92,53,5.6,1
2315,17,64,76,56,3.8,1
2316,21,46,38,36,0.0,0
2317,19,67,79,65,3.2,1
2318,22,62,84,79,5.3,1
2319,19,96,83,97,6.4,1
2320,20,82,77,62,4.8,1
2321,16,54,71,59,4.0,1
2322,20,100,100,95,9.6,1
2323,18,78,70,68,4.3,1
2324,17,100,89,84,6.2,1
2325,18,41,67,63,2.3,1
2326,22,58,66,41,2.8,1
2327,21,100,90,95,6.3,1
2328,19,81,90,92,7.1,1
2329,20,69,60,79,4.2,1
2330,20,54,37,26,1.3,0
2331,22,58,66,82,4.7,1
2332,20,69,74,66,5.4,1
2333,22,95,98,71,5.2,1
2334,18,71,84,84,3.9,1
2335,19,89,67,80,4.7,1
2336,17,69,71,58,3.5,1
2337,21,86,60,70,2.8,1
2338,17,96,90,87,6.5,1
2339,18,94,71,71,5.2,1
2340,21,75,100,78,4.7,1
2341,20,74,92,64,4.0,1
2342,16,83,70,76,4.6,1
2343,18,90,71,80,5.3,1
2344,18,100,100,100,8.5,1
2345,19,90,71,100,6.3,1
2346,17,74,78,77,3.7,1
2347,18,74,69,78,3.7,1
2348,18,56,48,59,3.4,1
2349,20,79,72,55,4.6,1
2350,20,70,57,63,3.4,1
2351,21,77,85,75,5.9,1
2352,22,49,42,51,0.0,0
2353,22,92,68,79,6.1,1
2354,16,100,77,93,5.6,1
2355,22,99,100,70,7.5,1
2356,19,100,98,82,6.8,1
2357,16,74,62,70,3.6,1
2358,21,100,92,73,6.5,1
2359,20,67,78,83,4.7,1
2360,22,43,49,61,1.1,1
2361,17,73,84,72,5.3,1
2362,20,69,57,96,3.8,1
2363,19,68,77,62,5.0,1
2364,20,91,80,79,8.3,1
2365,19,61,79,72,5.4,1
2366,19,42,80,65,3.0,1
2367,19,100,86,68,6.9,1
2368,21,81,97,86,5.7,1
2369,19,49,57,88,2.7,1
2370,19,47,41,40,1.8,0
2371,17,58,70,65,3.0,1
2372,16,83,94,95,6.7,1
2373,18,91,100,79,4.4,1
2374,16,95,66,99,5.2,1
2375,19,74,62,53,2.3,1
2376,17,95,93,100,6.7,1
2377,20,50,61,50,1.0,1
2378,17,63,74,61,3.7,1
2379,19,77,79,100,5.8,1
2380,17,62,48,57,2.8,1
2381,22,96,89,93,6.2,1
2382,17,78,69,59,3.3,1
2383,19,54,67,45,2.5,1
2384,21,88,91,76,7.6,1
2385,22,89,82,84,5.3,1
2386,17,69,65,69,6.0,1
2387,18,95,78,84,7.0,1
2388,18,40,53,37,0.0,0
2389,17,86,88,73,6.3,1
2390,21,52,72,57,3.5,1
2391,20,65,60,69,3.7,1
2392,19,100,74,47,5.9,1
2393,18,80,67,80,4.3,1
2394,20,100,88,67,6.2,1
2395,17,67,84,61,4.9,1
2396,20,84,76,60,5.3,1
2397,22,72,50,71,4.0,1
2398,16,64,67,78,2.9,1
2399,18,73,69,64,3.5,1
2400,17,79,81,78,4.8,1
2401,19,97,100,100,8.7,1
2402,21,100,100,100,7.9,1
2403,22,78,84,56,3.7,1
2404,17,93,78,93,5.1,1
2405,19,88,67,67,4.4,1
2406,21,87,91,79,5.3,1
2407,21,72,91,76,5.5,1
2408,17,73,81,76,6.1,1
2409,22,37,55,55,0.0,0
2410,20,94,82,86,5.7,1
2411,20,82,86,46,4.2,1
2412,21,71,87,71,3.6,1
2413,20,92,100,100,6.6,1
2414,16,100,98,94,7.9,1
2415,21,96,100,77,6.4,1
2416,21,71,80,64,4.0,1
2417,19,55,72,55,2.8,1
2418,20,29,47,32,0.0,0
2419,22,72,91,75,5.4,1
2420,21,79,68,80,6.2,1
2421,22,81,75,80,4.8,1
2422,16,95,82,80,6.9,1
2423,19,55,49,81,2.4,1
2424,17,84,57,62,4.7,1
2425,22,94,67,73,4.5,1
2426,21,70,73,65,4.8,1
2427,16,91,95,82,7.3,1
2428,18,56,75,70,4.8,1
2429,16,74,85,73,4.4,1
2430,16,63,52,72,3.1,1
2431,19,100,72,86,7.7,1
2432,17,55,63,41,2.1,1
2433,18,65,68,83,3.9,1
2434,20,100,99,84,8.4,1
2435,20,92,74,77,5.9,1
2436,22,63,87,75,5.0,1
2437,16,90,71,73,5.0,1
2438,19,77,53,48,3.1,1
2439,19,84,96,83,4.9,1
2440,20,65,80,39,4.3,1
2441,22,79,79,88,5.4,1
2442,22,67,26,69,2.0,1
2443,22,76,79,89,5.8,1
2444,18,100,90,83,7.0,1
2445,17,76,91,74,4.6,1
2446,18,92,65,75,6.3,1
2447,21,76,99,79,5.6,1
2448,21,73,73,74,3.8,1
2449,17,65,47,50,2.9,1
2450,20,50,75,62,3.2,1
2451,17,84,78,73,5.6,1
2452,19,85,56,87,4.9,1
2453,21,96,89,80,7.6,1
2454,16,68,91,91,6.6,1
2455,16,91,88,84,6.6,1
2456,20,98,88,76,5.5,1
2457,19,61,76,70,3.1,1
2458,18,99,68,74,5.7,1
2459,19,72,77,76,5.1,1
2460,16,49,53,73,2.7,1
2461,16,99,78,80,7.4,1
2462,21,89,91,91,7.2,1
2463,19,64,66,70,2.7,1
2464,19,65,73,72,3.7,1
2465,16,85,64,82,3.9,1
2466,18,85,73,80,6.2,1
2467,20,88,76,88,6.0,1
2468,22,86,55,87,5.1,1
2469,20,93,66,59,5.5,1
2470,19,73,45,54,2.4,1
2471,20,84,92,83,5.8,1
2472,16,74,85,83,4.8,1
2473,16,49,92,69,3.6,1
2474,19,75,58,71,1.9,1
2475,19,84,71,69,5.1,1
2476,22,93,82,65,5.7,1
2477,22,58,51,63,1.6,1
2478,21,80,69,73,5.0,1
2479,19,85,82,66,5.2,1
2480,18,65,71,87,3.9,1
2481,20,83,81,88,5.8,1
2482,19,68,71,80,4.7,1
2483,17,100,88,96,5.6,1
2484,21,94,78,77,6.1,1
2485,17,100,79,97,6.1,1
2486,16,100,96,91,7.0,1
2487,22,71,94,72,5.7,1
2488,20,81,81,68,4.0,1
2489,19,56,64,69,3.7,1
2490,17,64,47,74,2.9,1
2491,20,85,75,61,5.3,1
2492,16,87,96,71,7.6,1
2493,22,67,58,62,4.3,1
2494,18,90,79,79,5.9,1
2495,21,69,80,73,3.5,1
2496,20,73,81,72,5.4,1
2497,20,93,88,94,7.5,1
2498,18,76,87,100,6.4,1
2499,20,43,56,37,1.9,0
2500,16,85,80,80,6.1,1
2501,16,99,94,100,6.2,1
2502,18,93,57,68,5.3,1
2503,21,100,91,73,6.3,1
2504,19,70,58,70,3.3,1
2505,17,82,90,69,5.1,1
2506,19,100,77,100,7.2,1
2507,20,100,100,100,7.0,1
2508,17,72,75,82,6.1,1
2509,18,84,68,94,3.2,1
2510,18,43,56,57,2.9,1
2511,21,93,91,74,5.2,1
2512,17,83,77,66,5.4,1
2513,16,67,66,68,4.8,1
2514,17,72,82,62,3.4,1
2515,20,86,79,84,5.9,1
2516,16,74,84,62,5.2,1
2517,22,70,92,72,5.6,1
2518,22,74,74,76,6.2,1
2519,22,69,78,81,4.5,1
2520,18,68,76,70,4.0,1
2521,17,85,73,89,7.2,1
2522,22,68,70,66,3.5,1
2523,19,62,66,50,4.1,1
2524,21,100,100,100,7.5,1
2525,19,83,79,58,3.9,1
2526,22,81,80,83,4.8,1
2527,21,72,46,67,4.2,1
2528,20,45,57,46,1.4,0
2529,19,92,66,85,4.8,1
2530,17,62,73,49,3.0,1
2531,17,100,78,65,5.5,1
2532,19,85,86,89,7.2,1
2533,22,47,40,50,0.6,0
2534,17,87,66,79,4.2,1
2535,20,80,67,88,5.9,1
2536,16,42,31,47,0.6,0
2537,22,100,91,92,7.7,1
2538,20,90,100,78,5.8,1
2539,21,100,100,100,7.2,1
2540,20,82,78,57,3.9,1
2541,22,69,85,69,4.1,1
2542,21,91,78,81,4.7,1
2543,22,97,100,100,9.3,1
2544,17,100,90,83,7.6,1
2545,16,93,69,66,5.3,1
2546,22,76,90,64,5.5,1
2547,22,75,74,79,6.3,1
2548,17,100,100,100,9.8,1
2549,18,90,71,74,5.8,1
2550,17,77,92,83,5.1,1
2551,21,79,86,70,4.3,1
2552,17,100,87,84,5.5,1
2553,17,56,88,69,3.8,1
2554,16,68,81,62,6.0,1
2555,17,56,58,44,2.1,1
2556,22,69,76,84,4.5,1
2557,16,87,94,73,6.5,1
2558,19,98,60,88,5.7,1
2559,18,71,69,70,4.1,1
2560,16,75,83,61,4.5,1
2561,21,92,87,95,7.1,1
2562,19,60,83,55,2.6,1
2563,16,63,61,62,2.6,1
2564,16,92,69,61,3.1,1
2565,18,82,95,45,5.0,1
2566,22,70,59,66,2.3,1
2567,21,97,100,94,6.9,1
2568,20,45,71,58,3.2,1
2569,20,77,86,84,5.4,1
2570,16,73,57,58,3.8,1
2571,17,86,89,65,4.9,1
2572,21,56,47,58,1.8,1
2573,19,100,88,79,7.0,1
2574,17,50,78,62,3.1,1
2575,17,63,57,52,2.9,1
2576,21,100,100,89,9.8,1
2577,22,79,84,83,6.1,1
2578,16,100,90,88,6.9,1
2579,16,97,81,80,5.9,1
2580,16,60,58,66,4.1,1
2581,16,62,65,51,2.4,1
2582,20,76,80,59,4.4,1
2583,16,62,56,50,3.0,1
2584,20,50,59,57,3.2,1
2585,20,51,65,67,1.8,1
2586,22,80,75,78,5.2,1
2587,16,87,99,97,8.1,1
2588,18,75,74,67,6.1,1
2589,19,69,74,75,4.8,1
2590,17,68,65,78,4.9,1
2591,20,43,34,62,0.0,0
2592,21,82,62,69,4.2,1
2593,21,53,67,53,2.1,1
2594,19,90,63,68,5.3,1
2595,21,85,76,72,4.5,1
2596,18,65,62,62,3.3,1
2597,21,85,95,88,5.2,1
2598,17,79,87,86,5.2,1
2599,17,92,83,82,8.0,1
2600,20,83,80,83,6.4,1
2601,16,86,79,100,5.4,1
2602,22,63,56,47,3.1,1
2603,18,70,73,60,2.9,1
2604,20,70,87,90,6.2,1
2605,18,60,71,69,4.6,1
2606,16,68,92,74,5.5,1
2607,21,97,76,81,7.0,1
2608,21,42,52,45,2.0,0
2609,22,100,99,89,7.8,1
2610,16,100,88,97,6.9,1
2611,20,62,11,36,0.9,0
2612,22,100,100,100,9.7,1
2613,16,77,87,90,5.6,1
2614,19,55,57,68,4.0,1
2615,17,81,57,76,6.0,1
2616,22,73,54,70,3.0,1
2617,22,84,82,71,6.1,1
2618,20,66,64,70,3.4,1
2619,18,100,81,97,9.0,1
2620,19,96,80,76,5.1,1
2621,20,80,98,100,6.3,1
2622,16,67,77,78,3.4,1
2623,16,100,100,100,6.6,1
2624,16,98,62,66,5.0,1
2625,16,50,67,46,2.2,1
2626,18,85,62,77,4.5,1
2627,19,100,100,100,8.9,1
2628,21,100,80,63,6.7,1
2629,17,90,75,73,4.2,1
2630,18,41,69,75,1.3,1
2631,18,72,76,85,3.3,1
2632,21,68,46,50,2.2,1
2633,21,47,37,60,1.3,0
2634,17,98,97,74,6.6,1
2635,17,86,93,74,5.1,1
2636,21,100,100,87,8.6,1
2637,16,44,56,50,3.0,1
2638,18,79,77,84,5.0,1
2639,20,45,62,61,2.2,1
2640,17,70,67,72,3.8,1
2641,17,68,63,79,4.6,1
2642,21,71,84,72,4.3,1
2643,19,72,100,64,5.1,1
2644,20,96,100,88,6.9,1
2645,20,100,62,82,6.7,1
2646,17,64,80,63,3.5,1
2647,16,93,83,64,4.9,1
2648,19,100,80,68,6.6,1
2649,20,100,68,81,7.1,1
2650,17,73,66,73,3.7,1
2651,20,90,91,82,6.4,1
2652,22,69,68,98,5.7,1
2653,19,55,77,61,2.9,1
2654,19,90,100,86,6.6,1
2655,22,81,84,76,5.3,1
2656,18,75,36,42,1.5,1
2657,22,73,69,71,4.4,1
2658,21,63,86,63,5.1,1
2659,21,77,76,67,3.8,1
2660,17,100,86,70,7.5,1
2661,19,95,87,89,7.5,1
2662,18,94,62,71,4.2,1
2663,18,53,66,71,4.0,1
2664,20,90,69,57,4.7,1
2665,20,73,66,77,4.6,1
2666,22,60,66,75,3.8,1
2667,18,64,42,34,0.0,0
2668,22,100,100,100,8.5,1
2669,22,77,55,77,5.0,1
2670,20,73,88,71,4.6,1
2671,19,88,72,85,5.7,1
2672,22,73,97,91,4.8,1
2673,16,85,78,68,4.1,1
2674,19,64,69,57,3.0,1
2675,18,60,49,75,1.3,1
2676,18,60,82,56,2.3,1
2677,22,71,61,65,2.8,1
2678,19,100,100,80,6.3,1
2679,20,100,79,65,6.4,1
2680,20,70,72,60,3.2,1
2681,21,31,64,57,0.0,1
2682,18,78,66,66,5.0,1
2683,17,73,77,84,4.2,1
2684,21,67,62,78,4.1,1
2685,20,87,95,75,6.9,1
2686,19,84,100,63,5.3,1
2687,20,54,51,49,3.0,1
2688,19,49,62,56,2.6,1
2689,21,59,63,60,4.5,1
2690,18,70,62,77,3.2,1
2691,20,82,83,61,4.9,1
2692,22,93,88,77,7.1,1
2693,19,67,76,74,2.2,1
2694,18,71,84,73,5.2,1
2695,17,98,73,90,6.8,1
2696,19,78,79,78,4.8,1
2697,21,83,100,67,6.4,1
2698,17,70,79,80,4.4,1
2699,17,76,82,83,5.3,1
2700,16,89,79,87,5.9,1
2701,20,77,68,60,3.9,1
2702,19,100,100,100,9.0,1
2703,17,82,56,80,6.2,1
2704,16,100,100,91,7.6,1
2705,21,80,100,79,7.1,1
2706,18,85,72,77,5.7,1
2707,22,100,99,100,7.8,1
2708,22,76,84,56,5.4,1
2709,19,66,76,61,3.5,1
2710,17,90,77,82,5.0,1
2711,22,71,69,51,3.0,1
2712,20,47,33,54,0.8,0
2713,22,65,52,69,3.3,1
2714,22,68,82,73,5.1,1
2715,22,100,88,90,7.1,1
2716,16,52,46,82,3.3,1
2717,17,75,95,79,7.0,1
2718,20,70,44,45,2.6,1
2719,17,69,96,59,3.2,1
2720,19,100,71,81,7.9,1
2721,19,73,78,79,5.1,1
2722,19,82,61,68,4.7,1
2723,21,79,91,84,5.5,1
2724,22,57,55,63,2.6,1
2725,21,84,84,63,4.3,1
2726,16,78,86,64,5.0,1
2727,19,93,81,74,7.5,1
2728,20,39,45,66,1.7,1
2729,17,100,97,100,8.5,1
2730,22,88,74,69,4.8,1
2731,18,54,59,68,2.8,1
2732,20,66,67,47,2.4,1
2733,22,74,83,68,5.5,1
2734,21,65,50,48,2.3,1
2735,21,71,58,71,3.9,1
2736,20,78,63,65,4.5,1
2737,21,91,97,72,7.3,1
2738,19,99,88,88,7.0,1
2739,16,63,92,73,3.7,1
2740,17,72,74,71,4.6,1
2741,16,39,56,68,1.8,1
2742,22,39,26,59,0.9,0
2743,17,54,43,72,2.5,1
2744,17,100,78,96,7.2,1
2745,16,98,81,87,6.6,1
2746,20,80,64,66,5.8,1
2747,17,55,42,53,2.1,1
2748,16,85,75,60,3.6,1
2749,17,67,54,55,3.3,1
2750,18,72,74,66,4.7,1
2751,20,59,80,55,4.5,1
2752,19,55,74,72,3.0,1
2753,17,76,85,67,5.7,1
2754,18,100,84,86,5.5,1
2755,19,59,78,80,3.5,1
2756,19,85,86,70,5.6,1
2757,22,100,100,82,7.2,1
2758,17,100,71,97,7.9,1
2759,16,88,82,76,6.0,1
2760,17,82,83,71,5.9,1
2761,18,70,72,76,4.5,1
2762,19,100,93,79,7.1,1
2763,17,56,57,85,2.9,1
2764,16,83,99,91,6.8,1
2765,22,70,66,78,4.4,1
2766,17,90,95,92,8.0,1
2767,20,100,100,100,6.2,1
2768,22,85,91,66,4.9,1
2769,16,92,75,80,4.5,1
2770,18,93,77,66,6.1,1
2771,19,100,64,100,6.0,1
2772,17,77,69,79,4.2,1
2773,16,88,84,65,5.2,1
2774,22,73,80,91,6.8,1
2775,20,49,58,70,2.3,1
2776,16,92,83,74,6.5,1
2777,21,88,63,75,6.0,1
2778,20,98,95,78,7.4,1
2779,22,73,72,71,3.6,1
2780,18,84,78,77,5.0,1
2781,19,91,99,77,5.4,1
2782,22,98,83,75,6.5,1
2783,18,99,78,78,5.9,1
2784,17,72,85,52,2.5,1
2785,16,86,66,83,5.6,1
2786,21,100,97,87,9.0,1
2787,20,100,89,73,6.2,1
2788,20,98,100,100,8.3,1
2789,16,100,100,82,7.1,1
2790,21,83,83,100,7.7,1
2791,16,68,100,80,5.6,1
2792,17,83,89,61,6.0,1
2793,18,75,70,63,5.5,1
2794,22,75,68,68,5.0,1
2795,20,95,88,92,6.5,1
2796,17,84,95,76,4.0,1
2797,18,100,100,92,8.8,1
2798,17,68,89,77,3.1,1
2799,21,81,98,88,6.6,1
2800,20,96,81,88,7.8,1
2801,22,83,91,85,4.6,1
2802,16,54,50,52,2.8,1
2803,16,85,85,94,7.3,1
2804,18,88,83,84,5.4,1
2805,22,92,87,91,6.6,1
2806,19,76,86,72,4.8,1
2807,21,100,100,100,8.5,1
2808,18,57,46,70,0.8,1
2809,19,100,100,78,5.8,1
2810,17,95,90,91,7.7,1
2811,21,85,66,86,5.2,1
2812,17,84,86,75,5.6,1
2813,22,76,70,66,4.1,1
2814,20,68,79,62,5.0,1
2815,21,39,62,36,1.7,0
2816,19,68,64,54,3.6,1
2817,20,58,88,74,3.4,1
2818,16,99,89,71,6.3,1
2819,19,56,63,73,3.9,1
2820,18,57,76,84,3.9,1
2821,16,69,70,71,4.2,1
2822,16,52,67,56,3.5,1
2823,18,100,67,76,5.5,1
2824,21,84,70,83,5.8,1
2825,16,87,100,89,6.7,1
2826,22,95,71,84,6.3,1
2827,19,97,83,88,6.1,1
2828,20,76,76,81,4.3,1
2829,16,72,88,64,4.2,1
2830,19,56,59,80,3.3,1
2831,17,71,73,67,3.2,1
2832,19,97,78,52,5.4,1
2833,20,66,41,64,3.6,1
2834,19,94,97,90,7.9,1
2835,18,81,75,86,4.9,1
2836,20,100,100,86,8.0,1
2837,21,76,76,83,6.1,1
2838,17,62,59,49,3.4,1
2839,18,97,90,65,4.9,1
2840,21,40,49,63,1.7,1
2841,19,76,56,63,5.4,1
2842,20,59,73,77,3.6,1
2843,17,53,71,74,2.8,1
2844,18,99,100,100,8.0,1
2845,21,100,84,100,7.1,1
2846,21,100,91,95,7.0,1
2847,17,94,94,89,6.6,1
2848,22,53,71,66,2.5,1
2849,19,88,77,70,4.2,1
2850,17,53,81,66,4.3,1
2851,21,59,44,63,1.6,1
2852,16,60,41,73,3.9,1
2853,18,70,81,78,3.9,1
2854,17,88,67,74,5.3,1
2855,22,100,100,100,10.1,1
2856,21,81,86,77,5.0,1
2857,19,84,79,75,5.3,1
2858,21,90,81,100,4.5,1
2859,19,100,100,100,6.5,1
2860,17,47,68,62,2.9,1
2861,19,100,94,96,8.8,1
2862,20,78,58,78,4.8,1
2863,20,65,79,65,4.2,1
2864,20,98,91,81,6.9,1
2865,22,52,47,64,3.2,1
2866,22,78,100,79,6.4,1
2867,16,85,100,93,7.8,1
2868,22,81,73,76,4.5,1
2869,17,100,100,64,9.1,1
2870,21,82,98,61,6.3,1
2871,21,100,74,73,6.3,1
2872,16,94,100,94,7.7,1
2873,22,100,100,86,8.3,1
2874,19,85,100,100,5.5,1
2875,16,86,99,94,6.6,1
2876,19,100,100,100,7.8,1
2877,19,49,66,71,2.7,1
2878,18,54,38,36,1.5,0
2879,21,79,70,61,4.9,1
2880,20,57,55,48,1.5,1
2881,22,83,56,58,4.4,1
2882,19,85,86,90,5.6,1
2883,18,60,63,69,4.4,1
2884,21,86,70,75,4.7,1
2885,20,64,71,78,3.0,1
2886,19,73,81,100,6.6,1
2887,19,66,67,59,2.9,1
2888,16,50,49,34,0.8,0
2889,16,73,61,59,4.6,1
2890,21,92,100,98,6.8,1
2891,20,75,89,79,5.2,1
2892,19,65,72,51,2.7,1
2893,21,82,100,83,5.2,1
2894,21,78,78,68,5.9,1
2895,17,97,55,56,5.2,1
2896,22,69,65,49,4.5,1
2897,16,60,95,65,6.0,1
2898,20,47,51,66,1.5,1
2899,19,75,47,61,3.2,1
2900,21,57,38,59,2.4,1
2901,19,85,100,93,7.7,1
2902,17,80,94,72,6.4,1
2903,20,72,73,72,5.4,1
2904,21,51,79,53,2.1,1
2905,19,89,100,73,6.5,1
2906,16,100,100,86,7.8,1
2907,22,90,93,80,6.1,1
2908,17,80,82,71,4.9,1
2909,20,100,96,87,6.3,1
2910,17,92,100,72,5.5,1
2911,16,100,78,100,6.9,1
2912,20,76,85,74,6.8,1
2913,17,69,73,66,4.6,1
2914,18,53,74,71,3.7,1
2915,16,65,90,76,4.2,1
2916,16,96,89,68,6.1,1
2917,16,70,79,69,4.3,1
2918,18,78,74,74,3.5,1
2919,18,86,77,57,5.0,1
2920,19,98,87,87,7.2,1
2921,21,93,79,60,5.3,1
2922,22,88,64,62,4.4,1
2923,17,89,73,79,5.6,1
2924,19,83,82,73,5.2,1
2925,17,55,43,39,1.1,0
2926,22,77,100,96,6.4,1
2927,21,85,84,76,5.8,1
2928,18,79,93,81,5.0,1
2929,21,93,76,100,7.1,1
2930,18,91,79,81,7.4,1
2931,22,100,86,91,6.6,1
2932,21,68,76,69,3.3,1
2933,19,69,59,50,3.4,1
2934,20,100,91,100,7.2,1
2935,19,47,62,53,1.2,1
2936,17,73,70,67,4.7,1
2937,19,100,74,62,5.9,1
2938,22,37,61,39,1.5,0
2939,16,84,64,76,5.5,1
2940,17,87,85,71,6.9,1
2941,21,58,57,63,2.0,1
2942,17,100,100,90,8.3,1
2943,20,70,72,45,3.0,1
2944,18,99,96,74,6.1,1
2945,21,75,71,62,4.8,1
2946,17,78,89,62,5.1,1
2947,21,64,64,35,2.4,1
2948,21,100,100,91,7.5,1
2949,21,72,74,68,5.7,1
2950,18,100,100,100,8.2,1
2951,22,56,57,70,2.5,1
2952,19,77,74,90,4.6,1
2953,21,79,81,85,5.4,1
2954,16,73,100,69,5.1,1
2955,22,80,75,86,6.3,1
2956,20,75,88,69,4.6,1
2957,18,100,100,100,9.2,1
2958,17,74,87,85,5.1,1
2959,18,51,35,51,0.0,0
2960,17,100,98,76,5.2,1
2961,18,100,90,90,7.5,1
2962,17,65,72,66,3.2,1
2963,21,54,64,75,3.0,1
2964,19,70,60,59,3.3,1
2965,17,77,68,58,2.8,1
2966,17,91,92,63,4.0,1
2967,16,100,92,87,6.8,1
2968,17,100,100,100,8.1,1
2969,16,45,41,49,0.2,0
2970,20,63,72,69,4.2,1
2971,21,83,66,90,5.6,1
2972,16,81,73,68,5.4,1
2973,19,100,100,81,8.8,1
2974,22,40,45,54,1.0,0
2975,21,47,30,44,0.0,0
2976,16,100,96,97,9.1,1
2977,21,88,84,69,6.5,1
2978,21,64,83,70,3.9,1
2979,21,84,61,96,5.3,1
2980,20,98,55,63,5.5,1
2981,19,70,47,66,3.8,1
2982,18,85,68,77,5.3,1
2983,18,100,89,74,5.7,1
2984,16,100,100,100,9.0,1
2985,21,100,85,81,6.9,1
2986,16,100,96,97,8.5,1
2987,20,52,35,55,2.3,0
2988,20,67,82,64,4.3,1
2989,17,85,96,77,5.5,1
2990,20,51,46,57,1.2,1
2991,17,90,94,72,7.4,1
2992,19,97,87,90,6.3,1
2993,16,71,59,62,4.3,1
2994,22,88,68,79,4.6,1
2995,19,99,100,82,7.5,1
2996,20,65,65,73,3.4,1
2997,19,91,97,90,7.6,1
2998,19,67,65,61,4.5,1
2999,19,100,82,79,6.5,1
3000,20,84,86,89,5.2,1
3001,22,100,98,100,9.5,1
3002,21,81,83,59,3.2,1
3003,19,58,49,80,3.9,1
3004,17,62,48,66,2.0,1
3005,20,46,43,52,2.8,0
3006,19,86,100,81,6.4,1
3007,22,94,98,74,8.2,1
3008,21,100,85,94,6.7,1
3009,20,61,81,75,5.0,1
3010,18,63,81,71,3.2,1
3011,21,82,92,64,6.8,1
3012,17,56,77,60,3.1,1
3013,19,51,54,60,2.3,1
3014,22,88,61,48,4.4,1
3015,18,43,51,57,0.9,1
3016,22,74,49,54,2.2,1
3017,18,100,100,78,8.8,1
3018,20,76,50,50,1.9,1
3019,18,60,59,65,2.6,1
3020,17,82,50,65,5.1,1
3021,17,85,76,75,5.2,1
3022,16,72,70,67,4.5,1
3023,17,52,62,29,1.0,0
3024,21,84,99,92,6.7,1
3025,18,54,70,78,4.1,1
3026,17,100,74,100,7.4,1
3027,20,66,62,67,3.7,1
3028,22,86,100,92,7.0,1
3029,22,92,92,72,7.6,1
3030,16,87,57,72,4.1,1
3031,22,99,100,82,6.8,1
3032,18,43,38,57,2.3,0
3033,16,72,79,65,5.5,1
3034,18,96,100,100,7.4,1
3035,20,92,85,62,6.0,1
3036,16,100,95,100,9.8,1
3037,19,87,73,71,6.1,1
3038,21,75,63,94,4.3,1
3039,21,100,100,100,10.7,1
3040,18,82,100,94,8.3,1
3041,22,56,49,44,1.8,0
3042,19,49,70,75,3.4,1
3043,16,60,53,26,2.9,0
3044,19,85,94,87,6.3,1
3045,19,78,90,87,6.1,1
3046,22,97,82,86,6.1,1
3047,16,42,51,64,1.7,1
3048,20,64,63,60,3.7,1
3049,22,86,86,79,4.7,1
3050,19,45,54,46,1.4,0
3051,19,58,62,55,3.3,1
3052,20,98,84,79,7.7,1
3053,19,60,62,53,1.9,1
3054,19,100,100,100,7.9,1
3055,19,88,86,100,7.2,1
3056,21,66,67,68,4.4,1
3057,22,66,66,60,3.7,1
3058,17,95,75,99,6.7,1
3059,22,59,66,70,3.4,1
3060,20,74,46,66,3.5,1
3061,19,70,61,62,5.0,1
3062,22,26,40,64,0.7,0
3063,21,62,49,58,2.1,1
3064,20,81,78,71,4.4,1
3065,18,98,87,86,6.0,1
3066,22,47,82,65,3.4,1
3067,18,70,75,88,4.6,1
3068,19,51,57,66,1.8,1
3069,21,100,76,80,6.9,1
3070,21,81,65,78,5.4,1
3071,22,71,81,72,5.6,1
3072,20,90,84,100,6.0,1
3073,20,94,81,68,5.2,1
3074,21,82,85,67,4.0,1
3075,20,100,79,92,7.3,1
3076,21,85,99,82,5.3,1
3077,22,54,57,80,4.7,1
3078,17,80,81,83,5.0,1
3079,21,80,61,82,4.9,1
3080,18,75,82,67,4.6,1
3081,20,94,65,74,5.9,1
3082,21,63,30,64,3.1,1
3083,21,62,66,58,3.3,1
3084,22,99,83,74,6.1,1
3085,20,73,88,68,4.7,1
3086,17,95,91,100,6.9,1
3087,22,95,73,96,5.8,1
3088,17,61,62,65,3.9,1
3089,22,78,100,59,6.2,1
3090,20,100,83,82,7.4,1
3091,16,81,89,90,5.9,1
3092,20,97,90,65,6.3,1
3093,20,59,81,79,4.7,1
3094,17,70,96,92,7.0,1
3095,17,74,65,67,3.8,1
3096,20,84,60,78,5.7,1
3097,20,100,100,95,10.1,1
3098,20,100,84,89,6.1,1
3099,17,61,72,73,4.2,1
3100,20,73,78,64,4.2,1
3101,20,93,71,65,4.9,1
3102,19,82,81,72,6.7,1
3103,16,76,89,80,5.3,1
3104,18,51,63,64,3.7,1
3105,16,91,61,65,3.7,1
3106,19,60,72,59,5.3,1
3107,18,88,84,63,5.1,1
3108,22,74,80,67,5.9,1
3109,20,83,100,94,6.8,1
3110,19,100,100,100,10.5,1
3111,22,49,42,54,2.1,0
3112,20,97,81,95,6.4,1
3113,17,95,86,86,5.2,1
3114,21,52,43,64,1.3,1
3115,19,100,94,87,7.5,1
3116,17,87,94,64,5.8,1
3117,19,94,100,100,6.6,1
3118,19,46,46,60,1.6,1
3119,17,96,71,78,4.6,1
3120,18,69,62,69,2.8,1
3121,16,100,100,100,9.3,1
3122,20,100,79,87,7.3,1
3123,19,62,71,82,3.6,1
3124,20,64,55,47,1.9,1
3125,21,98,69,86,5.4,1
3126,17,83,100,100,7.2,1
3127,20,57,64,53,1.5,1
3128,17,65,82,42,3.1,1
3129,20,57,75,68,2.8,1
3130,16,82,89,82,6.7,1
3131,16,84,79,80,4.3,1
3132,16,76,76,65,4.3,1
3133,16,80,68,100,5.3,1
3134,16,71,48,65,3.2,1
3135,16,55,61,66,2.1,1
3136,17,94,97,80,7.7,1
3137,19,100,93,79,7.9,1
3138,20,82,78,63,5.4,1
3139,16,66,100,63,5.5,1
3140,17,93,68,97,7.5,1
3141,17,69,86,70,5.3,1
3142,17,57,81,56,4.2,1
3143,19,85,89,67,5.1,1
3144,20,95,80,99,7.8,1
3145,19,91,74,83,5.1,1
3146,18,51,63,78,3.7,1
3147,22,79,82,73,5.3,1
3148,17,84,72,100,6.3,1
3149,18,73,89,93,6.1,1
3150,21,88,74,68,6.1,1
3151,16,51,61,73,3.3,1
3152,22,94,100,84,6.5,1
3153,16,88,87,73,5.1,1
3154,19,71,68,66,3.6,1
3155,22,95,70,76,6.5,1
3156,20,83,74,80,4.1,1
3157,18,54,60,50,1.9,1
3158,20,55,37,56,3.0,0
3159,19,70,78,80,4.6,1
3160,16,83,72,100,6.2,1
3161,22,55,47,59,3.3,1
3162,20,83,60,58,4.5,1
3163,20,66,34,73,2.6,1
3164,16,79,86,89,7.0,1
3165,22,98,88,100,8.4,1
3166,18,94,100,94,8.2,1
3167,16,98,85,92,6.9,1
3168,20,100,80,89,6.7,1
3169,18,51,29,44,0.9,0
3170,18,76,74,85,5.4,1
3171,16,68,86,74,4.0,1
3172,20,80,100,81,6.8,1
3173,19,26,37,43,0.0,0
3174,20,91,78,68,5.4,1
3175,17,91,82,77,4.6,1
3176,22,90,80,93,7.2,1
3177,21,100,100,93,8.1,1
3178,19,72,92,51,3.1,1
3179,18,48,73,41,3.2,1
3180,19,73,89,75,5.5,1
3181,22,100,100,98,8.5,1
3182,18,71,88,82,5.1,1
3183,22,55,55,71,2.4,1
3184,18,64,54,63,3.8,1
3185,19,63,78,59,5.4,1
3186,18,84,68,72,5.5,1
3187,18,68,63,90,3.6,1
3188,17,71,57,85,3.7,1
3189,20,63,58,67,3.0,1
3190,20,93,75,84,7.3,1
3191,21,61,56,63,3.3,1
3192,21,67,75,88,4.1,1
3193,17,62,77,71,4.0,1
3194,21,46,59,51,1.8,1
3195,22,56,60,79,3.3,1
3196,19,100,95,68,7.5,1
3197,16,63,83,49,2.6,1
3198,22,65,55,54,3.1,1
3199,16,77,77,69,2.3,1
3200,16,69,58,67,4.8,1
3201,17,100,83,78,8.8,1
3202,22,74,73,65,4.7,1
3203,17,82,77,70,5.1,1
3204,18,73,52,64,3.4,1
3205,16,74,72,75,4.9,1
3206,19,89,99,100,7.5,1
3207,21,73,67,73,5.3,1
3208,19,93,100,94,9.3,1
3209,21,100,100,90,7.5,1
3210,16,84,90,76,4.8,1
3211,16,94,64,67,4.8,1
3212,16,100,90,76,8.3,1
3213,17,88,77,71,5.3,1
3214,22,100,93,100,7.8,1
3215,21,100,100,98,9.0,1
3216,22,87,83,86,4.6,1
3217,17,87,89,84,5.7,1
3218,17,90,80,81,7.0,1
3219,20,89,73,100,6.5,1
3220,19,99,72,74,6.5,1
3221,19,53,47,40,2.3,0
3222,18,75,75,68,3.3,1
3223,17,91,71,60,4.0,1
3224,21,100,100,88,7.4,1
3225,20,67,39,48,2.5,1
3226,20,100,100,93,8.0,1
3227,22,85,91,89,6.6,1
3228,19,89,100,95,7.3,1
3229,17,56,58,51,3.1,1
3230,18,86,71,60,5.1,1
3231,17,80,99,82,5.6,1
3232,22,83,78,73,5.5,1
3233,16,88,83,72,5.6,1
3234,17,66,78,70,4.4,1
3235,22,77,59,74,5.3,1
3236,16,100,92,91,7.1,1
3237,16,58,45,66,2.7,1
3238,18,100,97,100,8.1,1
3239,21,85,87,84,7.0,1
3240,19,62,57,74,3.1,1
3241,17,100,90,86,5.8,1
3242,16,89,90,95,6.8,1
3243,17,48,46,47,2.5,0
3244,21,90,64,74,5.1,1
3245,19,83,85,94,4.8,1
3246,21,71,67,52,3.7,1
3247,19,68,61,95,5.2,1
3248,20,58,63,87,3.8,1
3249,19,86,94,99,7.7,1
3250,18,73,53,52,3.7,1
3251,21,100,80,82,6.6,1
3252,16,58,64,63,1.7,1
3253,20,97,100,58,4.7,1
3254,18,75,80,82,5.0,1
3255,17,73,57,73,4.6,1
3256,21,74,68,63,4.2,1
3257,22,67,69,54,3.7,1
3258,22,96,96,100,6.5,1
3259,16,89,100,95,7.0,1
3260,19,64,91,71,4.8,1
3261,16,44,61,62,2.8,1
3262,22,100,100,93,8.6,1
3263,17,60,41,44,3.2,0
3264,20,45,44,71,2.1,1
3265,20,41,32,53,1.0,0
3266,21,100,68,86,5.2,1
3267,20,65,60,67,4.6,1
3268,21,100,78,88,7.1,1
3269,21,93,98,85,6.2,1
3270,21,98,58,89,5.6,1
3271,22,74,71,91,4.5,1
3272,22,81,100,84,7.2,1
3273,19,100,99,93,8.7,1
3274,18,93,100,84,7.0,1
3275,21,85,63,63,4.1,1
3276,21,100,100,100,6.6,1
3277,18,83,52,51,4.2,1
3278,16,86,77,91,2.8,1
3279,21,68,53,71,3.2,1
3280,19,88,89,69,4.3,1
3281,20,77,72,66,5.2,1
3282,20,100,100,99,9.1,1
3283,17,60,79,57,3.2,1
3284,17,100,88,100,7.6,1
3285,20,78,85,78,4.4,1
3286,20,27,48,69,1.0,0
3287,22,65,52,65,4.0,1
3288,19,100,99,90,7.4,1
3289,18,63,69,78,5.7,1
3290,17,85,74,75,5.8,1
3291,22,100,85,79,7.7,1
3292,22,76,66,70,2.9,1
3293,18,55,50,66,2.9,1
3294,22,57,30,47,0.5,0
3295,19,100,77,91,6.8,1
3296,20,67,76,77,6.1,1
3297,21,92,92,83,6.4,1
3298,18,63,71,70,2.6,1
3299,20,69,65,66,1.8,1
3300,20,62,58,76,2.4,1
3301,16,79,63,51,3.2,1
3302,18,96,96,83,8.1,1
3303,22,80,96,74,7.0,1
3304,21,66,84,62,4.1,1
3305,18,100,79,74,5.6,1
3306,22,78,73,71,3.6,1
3307,20,100,67,92,5.7,1
3308,21,47,71,56,2.7,1
3309,22,100,90,90,6.5,1
3310,19,73,52,78,3.3,1
3311,22,89,100,79,6.6,1
3312,16,80,55,66,4.1,1
3313,20,68,38,66,3.4,1
3314,22,100,100,75,8.2,1
3315,17,90,84,83,5.4,1
3316,17,85,58,58,4.4,1
3317,16,92,91,92,6.5,1
3318,19,76,72,54,2.3,1
3319,20,95,95,82,7.2,1
3320,18,96,100,62,4.7,1
3321,16,78,75,88,6.2,1
3322,19,45,28,62,1.9,0
3323,18,64,54,65,4.2,1
3324,17,89,49,94,5.0,1
3325,17,88,100,87,7.1,1
3326,18,100,86,83,6.4,1
3327,16,68,94,70,4.2,1
3328,17,88,76,71,5.6,1
3329,20,100,83,79,7.5,1
3330,21,66,53,68,4.6,1
3331,22,61,68,78,4.4,1
3332,18,52,60,31,1.2,0
3333,18,72,70,54,4.4,1
3334,17,56,33,47,1.5,0
3335,16,64,83,54,4.8,1
3336,20,92,100,71,7.0,1
3337,16,44,41,58,0.8,0
3338,19,75,86,85,7.5,1
3339,19,84,51,61,4.3,1
3340,21,71,83,75,4.9,1
3341,17,86,64,70,4.0,1
3342,17,45,21,67,1.6,0
3343,17,61,47,45,3.4,1
3344,21,100,100,90,9.2,1
3345,19,73,57,55,2.8,1
3346,16,58,40,60,1.8,1
3347,21,96,79,100,5.3,1
3348,21,76,65,80,4.8,1
3349,16,74,65,68,4.4,1
3350,17,63,73,61,5.0,1
3351,20,84,100,68,6.3,1
3352,16,72,88,77,3.8,1
3353,19,87,56,68,5.4,1
3354,18,100,90,83,7.0,1
3355,18,45,45,81,3.0,1
3356,22,45,32,28,0.4,0
3357,22,86,63,85,6.3,1
3358,21,100,100,95,10.0,1
3359,18,81,62,92,5.0,1
3360,20,81,92,67,5.4,1
3361,17,63,62,78,4.4,1
3362,19,92,76,74,8.2,1
3363,22,75,75,90,4.8,1
3364,20,62,72,82,4.6,1
3365,19,93,86,79,6.8,1
3366,19,69,77,73,4.0,1
3367,17,34,73,69,2.4,1
3368,21,100,86,87,6.8,1
3369,18,71,71,63,3.8,1
3370,17,39,59,61,3.0,1
3371,20,100,100,100,9.2,1
3372,21,74,56,73,4.6,1
3373,20,74,91,85,6.0,1
3374,21,83,81,64,5.1,1
3375,22,56,52,57,3.2,1
3376,20,93,100,79,6.4,1
3377,17,77,64,83,5.6,1
3378,21,60,71,50,3.7,1
3379,21,87,71,82,5.9,1
3380,19,55,76,77,4.0,1
3381,19,61,85,62,2.8,1
3382,16,67,69,61,2.6,1
3383,20,96,79,74,5.5,1
3384,19,84,82,70,4.2,1
3385,16,100,90,88,8.0,1
3386,22,74,82,72,4.9,1
3387,22,56,66,60,3.4,1
3388,19,90,64,74,5.3,1
3389,20,54,79,55,2.4,1
3390,21,78,90,60,4.8,1
3391,18,92,70,62,5.6,1
3392,20,100,92,78,5.4,1
3393,17,100,81,97,7.6,1
3394,22,100,100,100,10.2,1
3395,19,79,86,94,6.3,1
3396,19,100,100,99,7.4,1
3397,21,100,100,100,10.1,1
3398,17,60,44,64,3.0,1
3399,21,77,91,68,5.3,1
3400,17,67,64,59,4.0,1
3401,18,94,83,87,6.7,1
3402,22,69,80,68,5.5,1
3403,19,79,58,64,3.4,1
3404,19,90,98,47,5.0,1
3405,18,95,100,92,7.1,1
3406,16,55,45,48,2.4,0
3407,22,66,57,49,3.4,1
3408,21,66,47,71,3.1,1
3409,18,82,93,89,5.7,1
3410,21,100,93,89,7.5,1
3411,20,33,37,43,1.0,0
3412,19,74,97,84,5.2,1
3413,21,73,70,55,3.2,1
3414,17,99,93,85,7.0,1
3415,21,69,75,86,4.5,1
3416,20,86,62,80,5.3,1
3417,22,72,83,74,5.0,1
3418,19,94,87,85,7.2,1
3419,18,100,100,100,9.1,1
3420,20,70,68,64,2.7,1
3421,19,67,62,51,3.1,1
3422,21,74,79,91,5.6,1
3423,22,63,85,60,3.4,1
3424,16,96,74,84,6.9,1
3425,22,100,85,97,7.2,1
3426,16,53,82,66,3.9,1
3427,17,59,84,75,3.5,1
3428,22,87,71,71,4.5,1
3429,19,95,70,77,5.2,1
3430,16,84,73,80,5.6,1
3431,18,59,28,52,0.5,0
3432,19,57,87,69,3.1,1
3433,18,58,69,81,4.2,1
3434,22,75,71,76,3.4,1
3435,18,52,47,36,0.0,0
3436,16,62,68,68,1.2,1
3437,19,50,53,40,2.4,0
3438,21,80,71,66,4.8,1
3439,20,81,80,68,4.1,1
3440,16,72,46,54,3.7,1
3441,16,100,100,87,6.6,1
3442,21,88,100,92,6.6,1
3443,19,81,82,68,5.3,1
3444,19,83,67,81,5.2,1
3445,22,74,75,74,3.3,1
3446,18,66,64,44,3.5,1
3447,22,62,54,56,1.6,1
3448,21,92,76,76,4.5,1
3449,22,87,80,74,6.6,1
3450,21,99,100,78,7.7,1
3451,19,85,55,64,4.5,1
3452,18,100,57,78,6.0,1
3453,22,46,46,36,0.0,0
3454,16,64,83,75,4.1,1
3455,17,74,64,74,4.1,1
3456,20,100,91,97,8.0,1
3457,16,78,90,93,5.8,1
3458,19,77,83,88,6.0,1
3459,20,83,76,83,5.9,1
3460,17,87,81,62,5.1,1
3461,17,91,98,100,8.1,1
3462,18,36,29,61,0.4,0
3463,20,85,77,73,5.3,1
3464,18,100,95,79,7.3,1
3465,16,52,43,60,1.2,1
3466,21,97,100,65,6.7,1
3467,21,78,72,70,3.5,1
3468,21,97,75,92,5.2,1
3469,20,82,67,61,3.4,1
3470,21,74,85,89,6.9,1
3471,16,76,70,72,4.4,1
3472,18,100,86,96,6.7,1
3473,20,100,62,81,5.9,1
3474,18,73,66,61,3.4,1
3475,20,79,87,64,6.0,1
3476,18,62,97,68,3.7,1
3477,17,73,82,74,5.1,1
3478,18,78,64,49,4.4,1
3479,21,89,69,74,6.8,1
3480,17,58,72,75,6.1,1
3481,18,67,70,67,4.9,1
3482,20,64,61,66,3.6,1
3483,20,46,56,58,2.5,1
3484,20,70,74,76,5.3,1
3485,19,90,65,92,3.7,1
3486,16,49,45,47,1.2,0
3487,20,54,58,49,2.3,1
3488,17,100,89,100,8.3,1
3489,20,81,52,83,3.7,1
3490,19,100,89,76,7.2,1
3491,21,91,77,84,4.3,1
3492,17,100,81,69,7.5,1
3493,19,83,86,100,7.3,1
3494,21,56,63,84,3.3,1
3495,22,43,46,56,1.0,0
3496,22,54,59,61,1.2,1
3497,17,68,77,70,3.4,1
3498,18,95,100,90,8.8,1
3499,16,57,85,83,4.2,1
3500,16,84,74,91,5.3,1
3501,19,100,100,82,7.6,1
3502,21,79,71,75,5.2,1
3503,16,86,81,62,5.2,1
3504,21,100,93,81,6.2,1
3505,21,87,81,75,5.6,1
3506,19,68,64,87,4.8,1
3507,19,87,47,84,3.6,1
3508,19,79,85,64,5.2,1
3509,16,98,89,96,7.2,1
3510,22,100,99,100,8.6,1
3511,19,74,99,59,5.6,1
3512,16,82,76,94,6.5,1
3513,19,71,89,61,5.5,1
3514,20,48,66,68,4.8,1
3515,21,86,81,71,6.0,1
3516,19,100,80,72,7.4,1
3517,17,55,55,76,3.2,1
3518,21,82,61,47,2.1,1
3519,21,85,84,64,3.9,1
3520,19,83,84,77,5.4,1
3521,22,82,92,93,6.7,1
3522,18,48,93,52,3.0,1
3523,22,38,48,50,0.0,0
3524,19,72,58,66,4.0,1
3525,21,74,54,61,4.6,1
3526,17,72,65,72,2.7,1
3527,21,82,49,88,3.5,1
3528,22,98,76,87,6.7,1
3529,17,86,82,69,5.2,1
3530,16,82,94,71,5.7,1
3531,20,74,68,79,4.3,1
3532,21,72,52,66,3.5,1
3533,19,71,70,59,4.3,1
3534,16,94,80,62,6.0,1
3535,20,45,57,61,2.0,1
3536,19,99,85,80,8.3,1
3537,18,78,74,77,6.1,1
3538,19,64,81,86,3.9,1
3539,17,89,97,75,6.6,1
3540,17,100,100,100,7.4,1
3541,18,74,49,59,4.3,1
3542,16,63,63,82,4.6,1
3543,20,89,100,99,8.0,1
3544,19,100,100,100,9.2,1
3545,17,89,82,68,5.1,1
3546,16,75,56,68,2.7,1
3547,18,56,63,73,4.1,1
3548,22,100,92,100,7.1,1
3549,21,59,56,55,2.9,1
3550,22,73,80,86,4.6,1
3551,22,74,81,68,5.6,1
3552,17,63,52,61,3.2,1
3553,18,86,100,81,7.2,1
3554,19,88,100,77,6.4,1
3555,22,100,100,97,9.0,1
3556,22,99,96,100,6.6,1
3557,20,83,71,68,3.1,1
3558,17,94,70,95,6.1,1
3559,17,97,82,87,7.0,1
3560,19,100,89,100,7.1,1
3561,21,59,72,67,3.4,1
3562,16,44,57,55,3.2,1
3563,20,69,57,72,2.7,1
3564,17,87,100,100,8.2,1
3565,20,100,87,89,6.2,1
3566,17,74,69,74,3.4,1
3567,20,73,69,90,5.3,1
3568,18,74,71,70,4.8,1
3569,22,64,58,55,3.1,1
3570,17,71,77,79,5.1,1
3571,20,88,74,96,5.4,1
3572,16,100,97,100,8.9,1
3573,18,55,69,74,3.7,1
3574,18,44,78,55,1.6,1
3575,16,62,69,65,2.9,1
3576,20,77,43,58,3.2,1
3577,19,79,74,75,4.1,1
3578,16,39,56,72,2.9,1
3579,20,89,76,68,6.6,1
3580,16,67,70,45,2.8,1
3581,16,72,77,55,5.0,1
3582,17,100,100,100,9.0,1
3583,20,81,83,71,6.1,1
3584,19,84,80,84,5.9,1
3585,22,99,100,100,8.7,1
3586,17,100,94,93,7.5,1
3587,16,80,72,87,6.1,1
3588,22,64,62,62,4.4,1
3589,21,76,73,78,5.0,1
3590,22,93,84,63,4.9,1
3591,16,78,86,49,4.2,1
3592,16,89,89,77,5.4,1
3593,20,88,88,82,5.7,1
3594,20,50,72,54,2.5,1
3595,17,99,100,86,8.3,1
3596,19,78,71,77,5.8,1
3597,17,86,70,64,4.5,1
3598,18,86,73,85,5.4,1
3599,16,78,100,91,6.9,1
3600,22,71,45,75,2.1,1
3601,21,75,64,69,4.8,1
3602,16,67,62,61,2.6,1
3603,16,100,100,100,10.3,1
3604,17,56,87,72,5.3,1
3605,21,65,72,38,2.6,1
3606,21,100,100,100,12.0,1
3607,21,46,77,94,3.9,1
3608,17,65,60,83,4.6,1
3609,16,73,83,94,4.7,1
3610,17,74,46,74,3.3,1
3611,20,82,76,76,5.5,1
3612,20,46,21,55,0.6,0
3613,17,94,81,99,7.2,1
3614,21,72,43,43,2.7,1
3615,16,78,79,75,4.2,1
3616,17,93,88,82,6.5,1
3617,17,65,68,88,4.6,1
3618,17,78,76,77,4.7,1
3619,18,91,53,35,3.0,1
3620,20,100,100,100,9.2,1
3621,22,81,83,58,6.1,1
3622,21,80,88,75,2.8,1
3623,19,75,99,68,5.4,1
3624,22,68,72,48,2.7,1
3625,21,100,100,86,8.4,1
3626,19,85,84,67,5.4,1
3627,18,66,77,61,3.0,1
3628,17,88,90,73,6.4,1
3629,18,71,76,68,4.4,1
3630,18,46,51,42,2.4,0
3631,22,75,74,77,5.8,1
3632,16,88,80,94,5.7,1
3633,22,91,61,83,7.3,1
3634,20,71,77,82,5.1,1
3635,19,100,75,62,5.2,1
3636,17,100,89,83,5.3,1
3637,22,100,100,100,8.2,1
3638,19,82,100,87,4.4,1
3639,21,79,90,82,5.9,1
3640,19,77,87,89,6.2,1
3641,21,82,75,65,5.7,1
3642,22,74,59,66,4.3,1
3643,20,88,89,67,5.2,1
3644,22,60,75,77,4.8,1
3645,21,100,100,92,8.9,1
3646,19,75,70,77,4.1,1
3647,19,50,64,91,3.2,1
3648,21,81,79,81,5.0,1
3649,18,69,80,89,4.8,1
3650,20,73,91,64,5.4,1
3651,16,62,55,68,4.1,1
3652,17,79,85,78,5.2,1
3653,19,100,63,77,5.3,1
3654,17,95,98,100,6.8,1
3655,16,88,82,68,5.2,1
3656,22,90,77,79,5.2,1
3657,17,86,83,54,6.0,1
3658,16,81,90,89,6.7,1
3659,21,48,76,68,3.0,1
3660,18,56,71,59,2.5,1
3661,19,100,100,99,8.4,1
3662,16,100,70,77,6.4,1
3663,17,79,81,59,4.6,1
3664,19,83,48,64,5.0,1
3665,18,72,45,60,4.2,1
3666,21,78,93,63,5.4,1
3667,22,57,46,48,3.1,1
3668,19,78,86,76,6.7,1
3669,22,100,96,73,5.4,1
3670,16,84,86,78,5.4,1
3671,18,61,68,50,3.2,1
3672,17,100,83,70,6.0,1
3673,18,86,66,58,3.3,1
3674,18,96,59,71,3.6,1
3675,20,79,72,63,5.2,1
3676,18,100,100,99,10.0,1
3677,18,88,81,87,5.3,1
3678,19,56,40,36,0.0,0
3679,17,70,41,53,3.7,1
3680,19,81,100,82,6.4,1
3681,19,54,72,52,2.7,1
3682,16,100,86,54,6.7,1
3683,19,88,90,78,5.3,1
3684,20,94,86,96,7.0,1
3685,20,68,73,68,3.9,1
3686,22,67,44,78,3.7,1
3687,16,100,87,88,6.1,1
3688,22,72,73,65,5.0,1
3689,22,67,78,96,4.9,1
3690,21,100,100,97,8.1,1
3691,17,89,85,86,6.2,1
3692,17,47,43,40,1.0,0
3693,19,99,82,67,6.6,1
3694,19,81,69,71,6.4,1
3695,21,100,98,99,7.4,1
3696,19,60,70,82,3.1,1
3697,17,96,81,81,5.6,1
3698,22,66,89,77,5.2,1
3699,18,69,74,74,3.1,1
3700,20,92,91,100,6.9,1
3701,18,68,80,56,4.5,1
3702,18,100,100,100,7.3,1
3703,17,66,56,61,3.5,1
3704,18,61,65,69,2.1,1
3705,21,88,74,60,4.5,1
3706,16,91,93,89,5.5,1
3707,19,60,59,52,3.9,1
3708,16,34,44,57,0.0,0
3709,22,90,74,86,5.8,1
3710,20,94,61,62,5.8,1
3711,19,87,100,97,6.4,1
3712,18,75,66,59,4.2,1
3713,20,74,60,82,4.1,1
3714,19,100,90,93,7.9,1
3715,21,42,76,42,1.8,1
3716,21,61,89,60,4.5,1
3717,21,59,76,100,5.3,1
3718,21,90,95,100,6.2,1
3719,18,68,66,74,5.3,1
3720,16,86,70,68,3.2,1
3721,19,100,87,100,7.3,1
3722,18,68,82,60,5.0,1
3723,21,64,37,62,1.7,1
3724,22,94,72,88,5.4,1
3725,16,100,86,84,6.0,1
3726,22,100,100,100,8.9,1
3727,20,93,65,81,5.8,1
3728,22,68,44,69,2.0,1
3729,20,72,61,60,2.1,1
3730,20,84,98,73,7.5,1
3731,21,65,73,75,3.4,1
3732,20,46,57,70,1.9,1
3733,17,100,78,85,7.0,1
3734,19,76,65,54,4.0,1
3735,19,100,96,95,6.9,1
3736,21,70,52,67,3.2,1
3737,17,100,83,95,7.9,1
3738,22,84,85,87,6.7,1
3739,18,64,70,77,3.6,1
3740,22,54,31,58,1.7,0
3741,18,100,100,97,9.6,1
3742,20,68,80,54,4.6,1
3743,16,65,75,60,3.5,1
3744,18,96,84,100,7.8,1
3745,16,95,94,82,6.9,1
3746,19,94,100,99,7.4,1
3747,16,71,82,58,4.8,1
3748,19,100,98,86,8.8,1
3749,17,59,30,47,2.4,0
3750,17,80,71,69,3.9,1
3751,21,92,100,99,5.8,1
3752,21,83,100,100,7.3,1
3753,20,98,95,94,6.3,1
3754,18,84,77,52,4.8,1
3755,20,80,80,60,4.0,1
3756,19,100,96,55,7.3,1
3757,20,84,66,85,6.5,1
3758,16,63,75,82,3.3,1
3759,19,83,54,73,3.2,1
3760,21,88,70,48,3.9,1
3761,17,68,76,82,3.7,1
3762,21,100,82,100,7.1,1
3763,18,94,71,97,5.9,1
3764,19,100,90,93,6.1,1
3765,19,86,66,71,5.4,1
3766,16,71,78,57,5.5,1
3767,18,49,68,68,1.8,1
3768,17,100,100,93,6.6,1
3769,22,58,47,46,3.9,1
3770,19,79,73,63,4.9,1
3771,19,95,85,59,4.1,1
3772,16,74,74,84,5.3,1
3773,20,61,94,81,6.1,1
3774,17,38,73,60,3.0,1
3775,21,76,73,73,5.5,1
3776,18,55,75,57,4.1,1
3777,19,100,100,100,7.6,1
3778,19,65,72,53,2.8,1
3779,21,42,43,75,3.0,1
3780,17,58,87,55,4.3,1
3781,20,77,71,58,3.1,1
3782,19,78,60,94,4.6,1
3783,17,85,67,70,3.9,1
3784,21,92,88,70,5.2,1
3785,16,84,78,80,7.0,1
3786,20,89,66,66,5.1,1
3787,18,88,79,81,5.3,1
3788,19,43,57,72,2.9,1
3789,17,63,77,75,4.7,1
3790,16,97,81,69,4.2,1
3791,18,81,90,90,6.4,1
3792,22,72,66,50,3.5,1
3793,17,64,75,68,3.3,1
3794,17,86,79,83,5.6,1
3795,18,100,96,100,9.0,1
3796,16,86,88,66,4.6,1
3797,22,91,50,68,5.3,1
3798,21,96,91,72,6.9,1
3799,16,78,79,97,6.0,1
3800,20,82,72,80,6.0,1
3801,19,62,79,69,4.8,1
3802,18,75,81,68,4.8,1
3803,21,50,56,55,3.5,1
3804,22,90,67,75,6.0,1
3805,18,90,67,93,5.9,1
3806,18,100,100,89,6.4,1
3807,16,59,93,78,4.0,1
3808,19,82,89,95,6.7,1
3809,20,100,76,100,7.3,1
3810,17,47,58,60,2.6,1
3811,17,95,46,66,4.4,1
3812,18,89,97,94,7.4,1
3813,19,60,55,74,3.7,1
3814,22,97,70,81,6.1,1
3815,22,85,88,65,5.0,1
3816,21,100,80,81,5.7,1
3817,16,61,88,81,5.1,1
3818,19,97,100,87,6.5,1
3819,19,63,61,42,3.0,1
3820,16,54,64,46,3.2,1
3821,22,100,100,100,7.9,1
3822,22,100,99,96,9.2,1
3823,22,79,90,99,5.0,1
3824,18,100,76,100,8.4,1
3825,19,50,62,52,3.5,1
3826,17,58,71,79,3.9,1
3827,16,99,82,100,7.9,1
3828,22,95,92,79,6.6,1
3829,21,100,100,93,8.2,1
3830,22,78,74,74,5.9,1
3831,22,52,53,50,3.0,1
3832,20,88,69,94,5.4,1
3833,18,97,75,60,7.4,1
3834,16,58,94,65,4.7,1
3835,20,66,70,66,4.4,1
3836,20,86,67,82,6.0,1
3837,21,69,67,54,3.9,1
3838,19,85,84,93,5.6,1
3839,21,67,67,55,5.1,1
3840,19,70,65,48,4.0,1
3841,19,100,100,87,7.0,1
3842,16,61,72,68,6.3,1
3843,22,71,65,73,4.3,1
3844,16,63,52,66,5.0,1
3845,18,75,95,80,4.5,1
3846,19,54,75,56,3.7,1
3847,20,54,52,70,1.6,1
3848,22,88,61,75,4.0,1
3849,17,60,59,59,3.8,1
3850,18,73,75,83,5.2,1
3851,16,82,89,82,5.9,1
3852,21,70,53,74,3.4,1
3853,18,75,76,85,5.7,1
3854,18,60,73,67,3.1,1
3855,22,70,94,73,4.7,1
3856,18,65,75,77,3.8,1
3857,18,95,79,96,6.5,1
3858,17,87,76,77,5.2,1
3859,21,63,80,80,4.8,1
3860,21,72,64,77,3.7,1
3861,21,100,80,88,4.3,1
3862,19,100,94,100,8.7,1
3863,20,65,89,80,4.0,1
3864,21,89,82,76,6.0,1
3865,18,78,68,59,4.8,1
3866,18,91,90,86,5.9,1
3867,21,89,77,91,6.7,1
3868,22,71,73,66,4.3,1
3869,21,83,100,68,6.4,1
3870,18,100,100,100,10.5,1
3871,19,91,98,86,6.1,1
3872,16,100,83,80,8.2,1
3873,16,100,93,79,6.0,1
3874,21,77,52,48,3.1,1
3875,17,95,95,86,5.6,1
3876,21,86,65,91,4.3,1
3877,22,86,64,65,3.8,1
3878,21,69,65,73,4.9,1
3879,16,74,45,70,4.7,1
3880,18,70,48,59,2.9,1
3881,21,100,94,98,10.4,1
3882,18,89,63,99,6.6,1
3883,18,85,84,80,5.5,1
3884,17,79,96,76,5.2,1
3885,18,99,100,86,7.4,1
3886,16,100,92,86,9.2,1
3887,19,90,85,93,6.4,1
3888,19,82,92,91,5.2,1
3889,20,100,81,71,7.9,1
3890,22,79,93,84,5.3,1
3891,21,80,97,89,5.9,1
3892,22,100,67,100,7.0,1
3893,16,41,43,83,4.2,1
3894,18,43,42,78,0.8,1
3895,19,67,81,74,4.1,1
3896,22,94,69,94,6.5,1
3897,16,100,62,83,6.4,1
3898,19,100,96,82,7.7,1
3899,18,76,78,77,4.2,1
3900,22,90,91,100,8.2,1
3901,19,78,72,81,5.4,1
3902,21,85,92,63,6.2,1
3903,21,98,79,69,6.8,1
3904,20,58,47,66,2.2,1
3905,20,57,66,58,3.0,1
3906,19,50,66,66,2.9,1
3907,16,88,89,92,7.1,1
3908,21,66,90,70,4.4,1
3909,16,100,100,96,9.1,1
3910,16,72,72,73,5.0,1
3911,19,57,41,64,2.1,1
3912,16,79,79,72,3.7,1
3913,21,83,90,67,5.2,1
3914,18,77,82,80,6.0,1
3915,20,73,66,51,3.0,1
3916,18,92,93,87,6.1,1
3917,16,71,100,80,6.7,1
3918,18,82,78,75,3.7,1
3919,21,100,100,95,8.9,1
3920,21,74,80,80,3.9,1
3921,16,80,76,77,3.0,1
3922,19,63,58,61,1.9,1
3923,18,100,100,85,7.4,1
3924,19,90,68,64,5.0,1
3925,19,79,82,79,4.0,1
3926,17,38,48,56,2.1,0
3927,16,56,59,70,4.2,1
3928,20,100,100,99,9.8,1
3929,21,57,30,33,0.7,0
3930,21,62,60,79,3.7,1
3931,16,97,100,95,8.6,1
3932,22,100,97,69,7.5,1
3933,22,56,76,66,3.9,1
3934,22,81,87,62,5.4,1
3935,20,83,87,86,5.9,1
3936,21,80,68,81,5.3,1
3937,16,100,100,100,8.6,1
3938,21,79,80,62,5.7,1
3939,19,98,95,100,7.3,1
3940,18,70,81,83,5.4,1
3941,18,56,67,35,0.9,1
3942,21,59,45,80,2.6,1
3943,17,75,58,61,3.0,1
3944,20,51,79,58,4.5,1
3945,22,100,100,100,9.2,1
3946,20,86,76,67,5.7,1
3947,20,87,52,86,4.8,1
3948,19,93,91,87,7.5,1
3949,20,64,61,53,2.1,1
3950,18,66,76,54,4.0,1
3951,19,70,65,55,3.7,1
3952,16,95,84,81,5.8,1
3953,20,85,75,67,6.8,1
3954,20,94,87,87,5.9,1
3955,16,91,84,75,6.0,1
3956,20,71,74,66,4.3,1
3957,16,78,78,85,5.6,1
3958,19,45,67,62,3.3,1
3959,18,89,93,96,6.3,1
3960,16,68,73,46,4.0,1
3961,17,68,39,70,2.8,1
3962,16,86,81,75,5.1,1
3963,20,60,45,44,1.2,0
3964,22,100,88,100,7.9,1
3965,22,100,100,91,6.6,1
3966,19,90,70,81,5.7,1
3967,21,45,44,53,1.8,0
3968,19,77,40,58,3.6,1
3969,21,96,94,63,5.1,1
3970,22,80,84,87,4.5,1
3971,22,31,49,63,1.6,0
3972,16,64,66,65,2.4,1
3973,18,68,46,66,4.4,1
3974,17,45,64,81,2.4,1
3975,19,100,85,83,7.7,1
3976,20,72,100,76,6.0,1
3977,21,77,70,85,3.4,1
3978,20,100,94,88,7.3,1
3979,18,94,80,100,6.9,1
3980,21,79,71,82,5.6,1
3981,19,77,83,68,4.9,1
3982,16,65,62,69,4.4,1
3983,20,70,58,60,3.9,1
3984,18,29,74,66,2.3,1
3985,19,100,100,100,8.1,1
3986,22,73,56,74,4.0,1
3987,22,89,84,78,5.1,1
3988,19,68,61,52,3.2,1
3989,19,85,52,84,4.5,1
3990,19,100,100,100,10.7,1
3991,21,78,53,69,3.5,1
3992,19,100,100,89,7.9,1
3993,20,83,68,74,4.9,1
3994,18,93,87,73,6.4,1
3995,21,100,100,73,7.5,1
3996,19,79,100,74,5.5,1
3997,17,73,95,61,4.3,1
3998,17,81,76,67,4.6,1
3999,18,78,74,67,4.7,1
4000,22,100,95,96,8.7,1
4001,16,64,36,55,2.0,1
4002,16,35,25,20,1.5,0
4003,22,73,43,58,1.6,1
4004,21,70,84,65,3.2,1
4005,21,87,100,93,6.4,1
4006,21,100,88,81,6.5,1
4007,16,71,74,79,3.8,1
4008,17,80,69,72,4.9,1
4009,16,60,61,65,2.8,1
4010,20,78,53,52,3.0,1
4011,19,89,76,94,6.2,1
4012,21,91,99,100,7.1,1
4013,17,81,62,89,4.0,1
4014,18,100,100,88,8.3,1
4015,18,100,88,92,6.9,1
4016,19,100,100,78,8.2,1
4017,17,86,79,50,4.4,1
4018,16,100,100,99,8.0,1
4019,16,100,90,100,9.4,1
4020,20,81,65,56,4.2,1
4021,20,82,74,75,4.7,1
4022,16,49,64,73,3.1,1
4023,18,57,68,61,2.7,1
4024,21,61,63,74,2.7,1
4025,18,72,53,58,3.4,1
4026,20,100,87,89,5.5,1
4027,19,76,60,61,3.5,1
4028,16,75,72,91,5.5,1
4029,20,79,67,64,5.5,1
4030,20,86,66,72,4.1,1
4031,21,73,69,76,4.9,1
4032,16,81,83,73,3.9,1
4033,21,76,69,67,4.4,1
4034,16,65,72,70,3.4,1
4035,21,76,56,74,5.2,1
4036,18,39,77,62,3.8,1
4037,19,66,68,76,2.7,1
4038,19,79,67,83,6.2,1
4039,16,76,75,66,6.3,1
4040,17,100,84,80,7.2,1
4041,22,74,60,78,3.0,1
4042,20,55,61,59,4.0,1
4043,20,94,77,83,5.5,1
4044,16,62,77,61,4.0,1
4045,21,95,78,65,6.1,1
4046,17,93,87,86,6.0,1
4047,18,85,86,77,6.0,1
4048,21,100,61,100,7.9,1
4049,21,86,76,95,6.3,1
4050,16,85,90,90,5.3,1
4051,16,79,63,84,4.6,1
4052,20,69,62,81,4.8,1
4053,16,49,74,47,2.9,1
4054,16,62,54,51,1.5,1
4055,16,89,100,87,5.9,1
4056,20,100,88,86,7.4,1
4057,18,67,86,70,4.3,1
4058,18,97,88,100,8.2,1
4059,22,66,43,84,4.6,1
4060,22,46,57,41,1.1,0
4061,16,96,96,93,6.8,1
4062,22,66,78,75,4.0,1
4063,20,100,88,76,7.0,1
4064,18,52,76,54,2.4,1
4065,21,88,92,81,5.8,1
4066,18,58,75,80,3.4,1
4067,18,76,81,72,5.4,1
4068,20,91,71,88,6.5,1
4069,22,80,85,94,6.1,1
4070,21,81,82,96,5.1,1
4071,20,62,81,60,2.2,1
4072,16,100,90,60,6.5,1
4073,19,86,79,97,7.1,1
4074,18,64,67,64,2.9,1
4075,19,64,79,54,3.2,1
4076,20,78,100,95,7.1,1
4077,20,65,72,93,4.6,1
4078,20,71,62,67,3.3,1
4079,19,70,63,60,5.5,1
4080,20,68,60,83,3.7,1
4081,16,61,84,77,5.3,1
4082,20,72,53,78,4.2,1
4083,17,53,96,71,4.3,1
4084,22,91,88,93,7.2,1
4085,19,36,44,52,0.1,0
4086,17,90,88,90,6.1,1
4087,20,92,100,88,6.9,1
4088,16,58,71,59,3.8,1
4089,18,83,77,88,6.9,1
4090,21,48,68,72,3.1,1
4091,22,71,81,58,3.7,1
4092,21,68,55,53,3.4,1
4093,20,100,99,100,6.9,1
4094,22,46,55,72,1.5,1
4095,22,89,100,95,8.3,1
4096,16,72,65,78,4.4,1
4097,22,89,82,86,6.2,1
4098,19,77,89,57,6.1,1
4099,17,71,74,79,5.3,1
4100,17,74,56,83,3.8,1
4101,17,100,82,77,7.5,1
4102,19,83,73,55,4.0,1
4103,21,85,72,57,3.5,1
4104,16,79,88,80,6.8,1
4105,22,78,100,84,5.3,1
4106,19,100,75,100,7.7,1
4107,17,82,80,88,4.9,1
4108,20,79,45,74,3.7,1
4109,18,91,79,60,5.5,1
4110,22,84,73,52,4.1,1
4111,19,71,66,75,3.8,1
4112,19,87,65,67,6.7,1
4113,16,100,100,100,8.7,1
4114,16,77,73,75,4.5,1
4115,19,62,74,58,3.1,1
4116,17,66,57,45,4.7,1
4117,18,89,100,83,6.0,1
4118,22,94,50,83,5.5,1
4119,16,94,78,83,7.4,1
4120,22,89,88,70,6.3,1
4121,17,64,65,65,2.8,1
4122,22,76,88,53,4.0,1
4123,20,55,59,64,2.2,1
4124,16,94,91,100,7.3,1
4125,17,42,54,29,1.0,0
4126,17,48,30,53,2.4,0
4127,18,64,57,68,4.0,1
4128,18,80,70,81,6.1,1
4129,20,56,81,59,4.0,1
4130,17,84,87,56,4.3,1
4131,21,77,94,65,4.3,1
4132,17,83,85,83,5.3,1
4133,18,73,70,66,2.6,1
4134,21,71,64,70,3.1,1
4135,16,99,94,100,8.4,1
4136,16,98,69,68,5.8,1
4137,22,100,73,79,6.5,1
4138,19,69,61,73,5.1,1
4139,18,86,83,41,4.7,1
4140,19,82,78,82,5.9,1
4141,21,100,78,83,6.5,1
4142,18,90,64,72,6.7,1
4143,20,72,63,82,4.7,1
4144,17,90,86,95,6.9,1
4145,20,31,24,49,0.1,0
4146,21,79,100,67,6.8,1
4147,18,47,54,58,4.1,1
4148,21,78,98,84,6.1,1
4149,17,95,66,61,3.7,1
4150,16,63,51,56,2.3,1
4151,16,100,78,67,5.7,1
4152,21,52,56,59,2.0,1
4153,19,68,74,86,4.2,1
4154,18,84,54,68,3.4,1
4155,18,80,80,83,4.6,1
4156,16,83,84,94,6.6,1
4157,22,78,54,65,4.0,1
4158,20,97,76,76,5.6,1
4159,22,77,100,100,6.5,1
4160,17,75,71,75,3.8,1
4161,20,56,68,78,3.8,1
4162,20,100,91,93,7.7,1
4163,21,80,71,69,4.8,1
4164,16,94,86,78,6.0,1
4165,22,85,80,96,6.0,1
4166,22,42,65,60,2.6,1
4167,16,63,70,79,3.5,1
4168,22,95,68,95,5.8,1
4169,16,67,54,60,0.9,1
4170,21,79,62,81,4.6,1
4171,19,59,53,83,3.3,1
4172,20,100,92,78,7.2,1
4173,21,93,84,74,5.7,1
4174,18,100,100,75,7.4,1
4175,17,79,50,57,4.9,1
4176,19,80,85,73,4.8,1
4177,18,75,77,74,4.4,1
4178,20,74,61,74,4.0,1
4179,22,100,100,99,10.4,1
4180,16,72,90,80,6.6,1
4181,20,60,20,71,2.9,1
4182,21,100,99,90,10.3,1
4183,17,85,85,70,4.2,1
4184,21,83,73,92,5.6,1
4185,19,100,89,83,6.9,1
4186,19,69,53,51,1.9,1
4187,17,55,73,78,3.3,1
4188,18,100,95,79,8.3,1
4189,18,90,70,63,4.6,1
4190,19,84,93,78,7.0,1
4191,19,67,80,77,4.1,1
4192,22,62,89,56,4.8,1
4193,16,100,98,100,8.6,1
4194,22,81,77,80,5.9,1
4195,22,77,70,82,4.3,1
4196,18,75,83,80,3.6,1
4197,17,62,77,59,3.8,1
4198,18,80,88,90,7.5,1
4199,16,89,68,81,6.5,1
4200,21,59,74,60,2.7,1
4201,19,80,93,69,5.2,1
4202,19,78,62,86,4.9,1
4203,16,79,75,76,5.6,1
4204,22,65,79,64,3.8,1
4205,17,100,97,100,7.2,1
4206,19,71,53,84,5.0,1
4207,20,84,68,82,5.7,1
4208,22,61,72,61,3.4,1
4209,19,70,69,82,3.5,1
4210,20,100,100,95,10.3,1
4211,16,100,100,100,8.6,1
4212,16,92,79,81,4.9,1
4213,22,100,100,79,8.1,1
4214,19,96,86,90,7.4,1
4215,18,56,69,52,3.7,1
4216,20,65,70,62,3.6,1
4217,17,87,100,85,6.3,1
4218,19,77,70,66,5.5,1
4219,17,67,80,44,4.2,1
4220,19,74,85,81,6.4,1
4221,18,43,65,59,2.1,1
4222,18,82,76,72,5.2,1
4223,22,60,73,59,2.5,1
4224,22,65,51,58,2.6,1
4225,18,66,68,55,3.6,1
4226,21,85,87,100,5.7,1
4227,18,81,59,70,3.6,1
4228,16,60,63,55,2.6,1
4229,16,81,96,71,6.0,1
4230,21,92,97,88,8.0,1
4231,20,98,95,78,6.3,1
4232,17,91,94,97,8.6,1
4233,19,94,83,100,7.8,1
4234,19,76,78,60,4.0,1
4235,21,71,79,84,6.3,1
4236,16,72,55,82,4.8,1
4237,22,98,82,80,7.1,1
4238,19,74,91,66,4.8,1
4239,16,57,78,48,3.4,1
4240,20,95,82,100,7.7,1
4241,17,92,63,84,5.6,1
4242,20,87,62,60,3.7,1
4243,21,73,82,62,4.0,1
4244,18,49,65,55,3.7,1
4245,18,69,60,64,3.0,1
4246,18,68,62,65,4.0,1
4247,20,74,78,69,5.7,1
4248,19,72,87,67,5.1,1
4249,17,65,71,77,4.1,1
4250,18,89,95,88,8.0,1
4251,21,47,56,37,1.0,0
4252,21,100,82,79,5.6,1
4253,18,66,86,65,4.7,1
4254,18,82,55,70,3.1,1
4255,17,87,85,95,5.7,1
4256,18,75,84,51,4.6,1
4257,17,96,100,82,7.5,1
4258,21,85,75,86,6.7,1
4259,18,100,100,96,8.8,1
4260,20,77,54,82,4.0,1
4261,22,78,84,91,7.8,1
4262,20,87,61,63,2.7,1
4263,21,60,51,78,4.8,1
4264,17,67,75,62,4.1,1
4265,20,64,92,87,6.2,1
4266,17,86,84,86,6.2,1
4267,20,60,54,65,3.2,1
4268,20,85,83,61,6.3,1
4269,17,76,96,61,4.2,1
4270,19,64,59,67,3.4,1
4271,20,85,67,73,5.0,1
4272,18,43,28,65,2.0,0
4273,22,95,100,94,6.9,1
4274,21,72,61,78,4.9,1
4275,19,75,77,82,4.9,1
4276,17,81,100,79,4.8,1
4277,19,100,100,89,8.3,1
4278,16,100,100,92,8.0,1
4279,16,90,91,79,7.7,1
4280,20,89,79,90,4.8,1
4281,20,69,62,48,2.8,1
4282,18,80,83,52,5.0,1
4283,22,82,52,100,5.6,1
4284,21,91,92,83,6.6,1
4285,19,95,86,88,5.6,1
4286,16,69,92,70,2.9,1
4287,20,82,69,79,3.9,1
4288,21,66,70,73,3.7,1
4289,19,93,89,88,6.1,1
4290,20,100,89,55,6.1,1
4291,20,81,71,72,6.4,1
4292,16,74,91,49,5.6,1
4293,16,49,37,41,0.9,0
4294,20,39,57,48,1.5,0
4295,17,59,64,71,4.7,1
4296,20,93,75,65,5.2,1
4297,21,100,88,86,7.5,1
4298,20,69,75,70,5.2,1
4299,18,49,62,66,3.0,1
4300,22,83,90,91,6.3,1
4301,18,92,75,77,5.0,1
4302,18,69,81,77,4.2,1
4303,17,55,48,57,1.8,1
4304,17,84,83,89,5.2,1
4305,20,85,70,98,5.5,1
4306,18,78,84,36,3.0,1
4307,17,84,92,96,6.5,1
4308,16,89,77,68,6.3,1
4309,20,83,98,77,5.1,1
4310,21,79,83,77,5.0,1
4311,22,83,81,93,6.9,1
4312,19,70,80,78,5.7,1
4313,20,53,53,66,3.6,1
4314,19,84,60,76,4.6,1
4315,18,80,99,77,6.1,1
4316,22,51,37,29,0.9,0
4317,19,65,47,63,3.1,1
4318,18,81,94,75,6.4,1
4319,16,89,100,80,7.4,1
4320,19,97,100,76,7.0,1
4321,22,95,100,64,6.8,1
4322,20,87,100,72,5.3,1
4323,18,58,51,62,2.9,1
4324,20,68,70,81,4.6,1
4325,22,49,30,44,1.0,0
4326,17,100,81,100,7.6,1
4327,18,48,78,71,3.4,1
4328,19,63,72,56,3.9,1
4329,18,100,100,82,7.1,1
4330,20,56,44,78,1.8,1
4331,16,66,53,68,2.6,1
4332,18,79,87,72,5.5,1
4333,19,71,96,90,6.0,1
4334,17,95,56,60,4.9,1
4335,21,90,73,68,4.9,1
4336,16,99,99,64,7.5,1
4337,17,81,95,89,6.3,1
4338,18,83,95,68,6.0,1
4339,20,95,87,83,6.6,1
4340,22,72,57,54,4.4,1
4341,20,100,83,100,9.3,1
4342,19,59,42,46,0.4,0
4343,20,100,93,76,7.9,1
4344,16,82,80,80,6.8,1
4345,20,84,91,79,5.5,1
4346,19,76,64,81,5.2,1
4347,21,80,66,90,4.7,1
4348,18,96,100,100,7.2,1
4349,22,100,67,66,4.9,1
4350,18,72,70,58,3.5,1
4351,20,93,89,70,6.8,1
4352,17,100,100,83,8.2,1
4353,18,50,60,61,1.1,1
4354,21,100,100,85,9.7,1
4355,20,61,45,60,2.9,1
4356,22,70,49,60,3.1,1
4357,19,64,63,51,2.5,1
4358,21,90,65,60,5.0,1
4359,20,60,70,38,2.4,1
4360,21,62,64,46,2.7,1
4361,18,54,46,65,3.6,1
4362,22,97,100,83,5.3,1
4363,19,80,76,95,5.5,1
4364,20,90,91,93,7.5,1
4365,16,100,98,95,7.4,1
4366,19,100,89,100,7.0,1
4367,16,71,85,75,4.5,1
4368,21,31,38,63,1.3,0
4369,17,43,64,48,1.3,1
4370,19,100,99,94,7.0,1
4371,21,95,79,87,6.7,1
4372,16,56,71,65,3.8,1
4373,18,64,71,74,2.1,1
4374,18,61,68,49,2.9,1
4375,17,75,80,67,5.3,1
4376,19,77,87,90,5.4,1
4377,19,100,100,98,7.1,1
4378,19,78,64,69,4.1,1
4379,21,61,75,75,4.5,1
4380,22,100,100,94,7.3,1
4381,22,46,48,53,0.7,0
4382,17,80,72,81,5.6,1
4383,19,70,75,61,4.3,1
4384,21,82,82,97,6.4,1
4385,18,81,90,78,6.0,1
4386,16,71,84,55,3.6,1
4387,21,69,78,70,4.0,1
4388,22,48,34,51,0.4,0
4389,22,84,91,88,6.5,1
4390,18,91,49,88,5.5,1
4391,18,100,95,87,7.8,1
4392,16,73,82,69,4.2,1
4393,18,99,94,76,6.8,1
4394,17,68,63,64,2.9,1
4395,16,34,67,35,0.0,0
4396,18,84,55,67,4.8,1
4397,20,48,51,79,3.9,1
4398,21,36,68,63,2.9,1
4399,18,91,100,100,6.8,1
4400,17,100,100,100,7.4,1
4401,19,80,71,78,5.2,1
4402,18,84,64,76,4.6,1
4403,22,68,65,72,5.1,1
4404,22,78,71,78,3.7,1
4405,22,100,72,85,6.1,1
4406,19,48,68,66,1.9,1
4407,22,70,62,55,2.9,1
4408,20,67,57,50,3.4,1
4409,18,93,76,87,6.1,1
4410,22,91,54,79,4.4,1
4411,16,100,86,92,7.7,1
4412,19,100,81,90,6.6,1
4413,20,54,70,56,3.4,1
4414,16,97,84,93,6.3,1
4415,16,89,61,83,4.2,1
4416,16,77,68,91,5.9,1
4417,16,90,86,86,6.7,1
4418,18,100,67,100,7.2,1
4419,22,87,75,64,5.4,1
4420,21,92,100,100,8.2,1
4421,18,88,80,88,5.9,1
4422,18,79,81,82,5.3,1
4423,20,65,73,61,4.4,1
4424,20,83,51,69,3.7,1
4425,22,86,100,76,5.8,1
4426,21,91,73,54,5.2,1
4427,20,72,80,65,5.5,1
4428,22,93,76,93,6.0,1
4429,22,94,94,73,5.5,1
4430,17,100,87,100,9.0,1
4431,21,66,84,80,3.9,1
4432,20,74,79,86,5.9,1
4433,21,67,67,65,4.5,1
4434,18,36,35,55,0.1,0
4435,18,67,95,74,4.6,1
4436,21,57,44,64,3.1,1
4437,17,80,69,64,4.9,1
4438,17,81,60,68,4.9,1
4439,21,97,60,69,5.8,1
4440,20,63,84,78,3.9,1
4441,19,73,71,87,4.2,1
4442,17,87,72,93,6.4,1
4443,16,62,75,67,3.4,1
4444,18,47,46,49,1.3,0
4445,21,80,71,82,5.3,1
4446,16,99,98,83,7.1,1
4447,21,87,81,83,6.4,1
4448,22,95,68,68,5.4,1
4449,18,82,100,97,7.5,1
4450,18,100,90,95,7.2,1
4451,17,70,81,80,4.3,1
4452,17,82,75,84,5.5,1
4453,16,84,93,83,5.6,1
4454,22,85,75,62,4.8,1
4455,21,89,100,76,7.3,1
4456,22,71,87,76,4.7,1
4457,18,77,84,81,4.0,1
4458,16,23,42,42,0.0,0
4459,19,66,70,65,3.4,1
4460,16,51,56,59,2.4,1
4461,20,69,65,54,4.9,1
4462,16,43,83,62,2.5,1
4463,22,97,76,76,6.2,1
4464,20,99,100,94,7.2,1
4465,20,72,85,74,4.9,1
4466,20,62,65,61,3.0,1
4467,19,73,79,76,5.6,1
4468,16,100,100,94,8.8,1
4469,22,100,91,79,8.2,1
4470,16,58,58,68,2.2,1
4471,19,60,42,50,2.1,1
4472,18,34,62,49,1.6,0
4473,17,65,58,62,2.7,1
4474,22,66,68,65,5.5,1
4475,22,75,53,62,3.9,1
4476,16,64,63,85,3.3,1
4477,17,100,90,91,7.1,1
4478,21,82,78,72,6.1,1
4479,21,60,59,31,1.6,1
4480,19,84,95,98,7.0,1
4481,21,89,84,69,6.0,1
4482,22,68,73,75,6.1,1
4483,21,80,60,63,3.9,1
4484,18,94,57,62,4.6,1
4485,18,41,47,50,1.1,0
4486,18,94,95,79,6.7,1
4487,21,68,48,69,3.0,1
4488,19,50,58,66,3.3,1
4489,20,58,63,79,3.2,1
4490,20,100,100,100,8.6,1
4491,17,93,50,56,3.7,1
4492,20,100,100,82,6.9,1
4493,20,77,86,98,5.0,1
4494,18,74,57,52,3.3,1
4495,18,66,50,71,3.0,1
4496,21,75,71,73,3.7,1
4497,17,68,81,65,4.9,1
4498,16,100,73,73,6.2,1
4499,22,65,57,89,4.1,1
4500,17,64,59,89,4.0,1
4501,17,71,65,68,3.2,1
4502,19,64,61,45,2.6,1
4503,21,59,84,73,2.4,1
4504,19,100,65,71,7.0,1
4505,17,59,61,76,3.9,1
4506,17,91,64,51,4.1,1
4507,17,64,73,67,3.7,1
4508,20,74,79,81,4.4,1
4509,22,100,79,48,5.7,1
4510,22,64,88,63,4.0,1
4511,19,93,66,79,5.4,1
4512,17,100,88,88,7.8,1
4513,22,58,50,58,3.4,1
4514,18,68,68,68,4.1,1
4515,22,96,82,94,6.3,1
4516,21,100,100,100,8.0,1
4517,21,62,81,67,2.5,1
4518,22,36,71,71,1.6,1
4519,18,86,62,69,5.0,1
4520,21,76,76,80,4.8,1
4521,20,80,96,72,6.4,1
4522,22,92,92,100,6.1,1
4523,20,90,100,75,4.9,1
4524,22,96,89,96,7.1,1
4525,16,78,68,47,3.6,1
4526,16,87,100,85,5.4,1
4527,16,65,65,61,2.6,1
4528,21,76,69,79,4.9,1
4529,20,64,45,57,2.1,1
4530,20,71,64,60,2.8,1
4531,20,100,100,92,8.4,1
4532,18,48,64,52,1.4,1
4533,20,86,63,88,4.6,1
4534,18,97,90,81,6.7,1
4535,16,100,100,100,9.4,1
4536,16,79,78,78,5.4,1
4537,21,78,91,93,5.5,1
4538,22,60,77,88,5.1,1
4539,16,100,99,70,7.1,1
4540,22,100,91,65,5.9,1
4541,22,82,61,60,3.8,1
4542,21,99,100,71,7.2,1
4543,17,67,57,65,4.1,1
4544,17,45,39,56,1.8,0
4545,19,55,48,62,1.8,1
4546,21,86,62,74,4.6,1
4547,19,74,85,76,5.2,1
4548,19,100,100,97,6.9,1
4549,17,76,99,92,6.3,1
4550,21,83,68,97,5.2,1
4551,17,96,79,89,7.0,1
4552,19,80,88,48,5.0,1
4553,21,53,44,64,2.4,1
4554,19,56,44,81,2.0,1
4555,20,96,99,100,7.6,1
4556,22,56,38,61,0.5,1
4557,21,93,75,73,4.6,1
4558,21,100,100,100,11.0,1
4559,22,70,82,94,5.9,1
4560,19,79,84,68,4.6,1
4561,20,55,60,49,1.6,1
4562,18,100,100,99,8.2,1
4563,22,100,100,100,7.4,1
4564,17,100,95,53,6.4,1
4565,19,88,76,72,5.0,1
4566,22,94,67,60,6.1,1
4567,22,85,73,71,4.7,1
4568,21,67,67,82,3.1,1
4569,17,85,91,79,6.9,1
4570,17,93,81,71,4.9,1
4571,17,89,100,88,6.0,1
4572,22,68,69,84,4.8,1
4573,18,75,78,90,5.9,1
4574,16,70,91,75,5.0,1
4575,19,66,77,80,4.8,1
4576,16,87,83,81,5.1,1
4577,22,100,100,100,10.9,1
4578,16,100,79,65,6.6,1
4579,22,100,98,96,10.2,1
4580,16,89,79,90,5.0,1
4581,17,81,61,95,4.4,1
4582,20,66,49,61,2.9,1
4583,17,100,100,100,8.2,1
4584,17,64,56,60,3.2,1
4585,21,100,87,100,8.6,1
4586,21,54,47,56,3.0,1
4587,16,93,100,96,6.8,1
4588,22,46,53,48,1.8,0
4589,17,84,65,59,4.1,1
4590,16,87,79,75,5.0,1
4591,21,91,69,76,3.8,1
4592,20,70,68,75,4.7,1
4593,19,71,70,68,4.7,1
4594,16,93,96,74,6.6,1
4595,20,39,57,31,0.8,0
4596,19,76,59,63,3.9,1
4597,18,99,100,88,7.5,1
4598,16,83,100,87,6.1,1
4599,16,100,91,77,7.5,1
4600,18,73,83,91,6.5,1
4601,18,67,50,55,2.8,1
4602,16,84,78,77,6.3,1
4603,18,89,82,89,5.2,1
4604,17,100,100,74,9.5,1
4605,19,70,96,71,6.6,1
4606,19,85,80,81,6.0,1
4607,19,90,81,82,6.3,1
4608,17,63,75,61,5.9,1
4609,22,89,96,74,5.9,1
4610,18,70,70,82,4.5,1
4611,20,76,90,68,6.1,1
4612,18,88,87,98,6.9,1
4613,16,88,100,79,7.1,1
4614,21,89,83,65,6.9,1
4615,19,100,89,100,8.0,1
4616,18,100,86,90,7.2,1
4617,20,89,91,66,6.3,1
4618,16,72,78,55,2.7,1
4619,17,51,66,80,2.7,1
4620,22,77,81,79,4.5,1
4621,17,100,84,87,5.1,1
4622,20,86,76,79,7.8,1
4623,16,23,41,58,0.0,0
4624,19,75,58,46,2.9,1
4625,18,79,72,57,4.6,1
4626,16,57,53,72,3.0,1
4627,22,55,76,50,3.4,1
4628,17,71,70,85,4.0,1
4629,22,66,64,49,3.1,1
4630,22,69,64,55,3.5,1
4631,20,90,88,100,7.7,1
4632,20,86,64,75,6.2,1
4633,18,86,90,92,6.5,1
4634,20,85,77,62,4.9,1
4635,20,85,97,83,7.0,1
4636,16,94,89,93,6.7,1
4637,19,100,72,72,6.2,1
4638,18,58,58,78,3.7,1
4639,16,65,86,65,4.1,1
4640,19,95,95,88,7.1,1
4641,22,42,79,57,4.0,1
4642,16,44,69,50,2.4,1
4643,21,74,57,59,3.9,1
4644,16,100,94,86,8.1,1
4645,20,81,77,85,3.9,1
4646,19,83,72,91,5.7,1
4647,18,67,63,72,3.8,1
4648,18,84,81,76,6.5,1
4649,19,85,75,72,6.1,1
4650,20,43,54,46,2.0,0
4651,17,82,74,74,5.5,1
4652,16,43,48,57,1.6,0
4653,20,59,72,75,3.9,1
4654,21,73,88,75,5.0,1
4655,22,100,100,100,8.7,1
4656,19,86,83,88,5.6,1
4657,16,74,86,61,3.5,1
4658,18,65,80,83,4.4,1
4659,22,94,99,74,6.8,1
4660,17,85,64,72,3.5,1
4661,21,100,87,88,7.2,1
4662,18,59,74,70,4.0,1
4663,19,55,75,60,3.2,1
4664,16,88,72,82,4.0,1
4665,19,58,47,49,1.8,1
4666,22,43,31,64,0.7,0
4667,16,75,56,89,4.8,1
4668,20,81,76,79,4.9,1
4669,17,86,90,74,5.5,1
4670,20,73,47,64,4.8,1
4671,20,100,100,81,9.7,1
4672,19,76,69,82,5.3,1
4673,22,59,61,45,2.2,1
4674,17,55,53,51,2.8,1
4675,16,67,62,81,5.0,1
4676,16,87,63,64,4.1,1
4677,21,59,50,62,2.5,1
4678,18,96,76,79,4.9,1
4679,21,59,73,92,4.9,1
4680,21,91,100,96,8.2,1
4681,16,70,64,58,3.2,1
4682,19,72,83,69,4.2,1
4683,20,94,94,87,8.2,1
4684,22,96,89,99,5.7,1
4685,20,56,68,68,3.2,1
4686,20,80,63,73,3.6,1
4687,17,60,68,75,2.6,1
4688,16,70,68,66,5.2,1
4689,22,90,100,71,7.1,1
4690,19,100,90,94,8.3,1
4691,17,53,39,41,2.0,0
4692,18,100,71,80,6.7,1
4693,19,96,80,52,5.3,1
4694,21,75,66,57,4.5,1
4695,19,71,73,83,4.2,1
4696,19,45,37,56,1.2,0
4697,20,93,91,100,6.3,1
4698,19,74,61,59,2.4,1
4699,21,55,61,65,3.5,1
4700,21,88,90,82,5.8,1
4701,16,52,58,92,1.4,1
4702,19,41,59,70,2.4,1
4703,20,90,100,80,7.4,1
4704,19,74,91,80,5.2,1
4705,18,77,58,68,3.7,1
4706,18,91,92,84,5.3,1
4707,20,71,75,100,6.3,1
4708,16,100,100,94,7.2,1
4709,16,67,72,57,2.8,1
4710,21,69,60,83,3.0,1
4711,21,91,84,67,6.2,1
4712,17,99,82,79,6.3,1
4713,20,70,48,68,2.3,1
4714,19,47,55,54,3.0,1
4715,22,76,80,72,4.6,1
4716,20,77,87,67,5.0,1
4717,17,75,77,75,5.1,1
4718,21,53,45,51,2.3,0
4719,20,82,63,76,5.1,1
4720,20,55,65,62,3.6,1
4721,21,68,54,75,2.7,1
4722,17,76,91,79,5.0,1
4723,21,87,67,81,4.8,1
4724,16,86,95,86,6.6,1
4725,19,59,57,60,3.3,1
4726,21,74,77,81,5.5,1
4727,17,49,57,58,1.9,1
4728,18,67,79,45,4.5,1
4729,16,91,88,80,5.9,1
4730,18,99,77,88,6.1,1
4731,22,92,85,73,6.1,1
4732,21,92,83,94,6.6,1
4733,16,77,53,73,4.1,1
4734,19,87,86,76,6.0,1
4735,21,100,100,100,8.7,1
4736,19,69,89,65,4.1,1
4737,20,100,100,94,7.8,1
4738,18,68,92,82,6.8,1
4739,16,54,42,78,4.5,1
4740,19,87,100,87,4.6,1
4741,17,79,95,71,5.2,1
4742,19,100,97,94,6.6,1
4743,17,80,83,76,5.8,1
4744,21,89,43,66,4.1,1
4745,16,45,49,45,0.8,0
4746,19,94,86,64,6.3,1
4747,22,44,32,57,1.1,0
4748,19,49,63,61,2.3,1
4749,22,56,86,71,4.2,1
4750,16,68,64,77,2.6,1
4751,19,88,85,96,5.6,1
4752,17,76,77,85,4.4,1
4753,19,81,84,82,6.6,1
4754,18,68,63,52,1.8,1
4755,21,70,86,56,3.7,1
4756,20,87,77,75,5.0,1
4757,17,80,68,75,5.1,1
4758,18,80,70,89,6.4,1
4759,22,75,70,52,3.2,1
4760,21,77,78,65,4.1,1
4761,16,86,88,62,6.0,1
4762,17,49,43,40,0.6,0
4763,20,94,85,89,5.8,1
4764,21,98,81,71,6.5,1
4765,22,41,49,77,2.3,1
4766,20,60,60,82,4.4,1
4767,16,100,86,98,8.0,1
4768,16,83,92,97,6.3,1
4769,22,76,80,79,5.9,1
4770,17,99,82,78,7.0,1
4771,22,98,85,95,8.6,1
4772,19,75,85,56,5.0,1
4773,16,82,84,83,4.2,1
4774,21,80,78,83,7.0,1
4775,19,63,72,64,4.6,1
4776,18,48,52,56,3.1,1
4777,20,62,67,68,3.9,1
4778,19,85,88,79,5.6,1
4779,20,66,90,67,4.1,1
4780,22,89,66,69,4.3,1
4781,19,67,70,68,2.9,1
4782,22,100,100,80,7.9,1
4783,18,87,70,73,4.3,1
4784,16,55,81,63,3.6,1
4785,18,79,64,45,3.8,1
4786,16,90,93,72,6.6,1
4787,22,84,77,72,6.1,1
4788,16,78,76,87,4.0,1
4789,20,76,82,80,5.1,1
4790,21,86,95,81,5.6,1
4791,18,67,89,61,3.6,1
4792,19,58,66,50,1.9,1
4793,18,82,92,67,6.0,1
4794,20,78,63,63,3.7,1
4795,16,66,56,95,5.9,1
4796,20,91,96,64,5.6,1
4797,17,61,99,69,5.1,1
4798,17,65,74,79,4.1,1
4799,19,74,55,77,3.7,1
4800,20,41,77,53,2.7,1
4801,22,72,81,80,3.8,1
4802,19,75,60,76,6.1,1
4803,22,92,98,79,7.8,1
4804,19,89,97,100,7.5,1
4805,17,68,59,77,5.3,1
4806,19,85,83,89,7.8,1
4807,17,95,85,73,4.4,1
4808,16,57,59,48,2.4,1
4809,22,98,92,91,8.8,1
4810,20,83,76,97,6.1,1
4811,19,55,40,76,1.9,1
4812,17,100,99,81,8.1,1
4813,18,55,75,61,3.5,1
4814,22,62,83,68,3.9,1
4815,19,100,82,89,7.0,1
4816,21,87,91,80,7.7,1
4817,16,44,69,70,3.0,1
4818,16,99,100,100,7.9,1
4819,18,74,93,94,6.7,1
4820,17,58,81,73,3.4,1
4821,19,63,95,72,4.5,1
4822,22,91,78,100,8.0,1
4823,17,55,73,62,1.9,1
4824,16,100,100,75,7.8,1
4825,17,85,74,68,6.7,1
4826,16,87,89,84,6.0,1
4827,17,73,86,90,5.3,1
4828,18,100,91,100,8.9,1
4829,20,98,100,100,9.2,1
4830,18,72,70,56,3.8,1
4831,18,92,72,82,6.2,1
4832,20,100,98,100,8.7,1
4833,20,49,82,70,3.4,1
4834,19,100,100,79,5.5,1
4835,22,100,77,93,7.0,1
4836,22,66,17,53,1.0,0
4837,19,100,100,98,6.7,1
4838,18,52,83,64,2.8,1
4839,18,89,90,77,5.4,1
4840,16,91,89,77,7.3,1
4841,16,40,30,59,0.2,0
4842,22,81,95,74,6.6,1
4843,19,100,100,100,9.1,1
4844,21,80,61,77,3.9,1
4845,21,93,88,100,6.2,1
4846,19,100,90,93,7.7,1
4847,16,40,63,71,1.8,1
4848,22,73,62,84,6.5,1
4849,22,100,95,80,7.0,1
4850,16,100,81,100,6.3,1
4851,21,83,100,62,5.2,1
4852,17,68,66,95,3.0,1
4853,17,100,100,100,7.8,1
4854,16,82,66,69,5.1,1
4855,17,70,61,71,3.2,1
4856,20,83,77,56,4.4,1
4857,19,84,77,85,5.7,1
4858,19,51,52,59,1.9,1
4859,16,83,80,84,5.0,1
4860,18,96,50,65,4.2,1
4861,21,93,89,92,7.7,1
4862,16,46,60,58,1.3,1
4863,17,77,85,81,6.9,1
4864,21,100,100,100,7.8,1
4865,18,45,52,54,1.3,1
4866,17,38,30,58,1.6,0
4867,22,100,100,87,8.6,1
4868,20,80,51,46,3.2,1
4869,17,100,100,97,11.2,1
4870,20,48,45,59,1.4,1
4871,21,96,73,68,5.3,1
4872,20,79,89,83,5.0,1
4873,21,64,55,90,4.6,1
4874,21,94,77,88,5.9,1
4875,21,99,76,85,6.0,1
4876,21,75,90,80,4.7,1
4877,21,65,58,75,3.0,1
4878,17,83,80,91,7.1,1
4879,21,81,88,90,6.3,1
4880,17,78,67,69,5.2,1
4881,21,90,76,71,6.2,1
4882,20,85,95,78,6.5,1
4883,22,64,32,62,3.5,1
4884,21,87,73,77,6.1,1
4885,18,61,61,81,3.9,1
4886,21,90,100,54,6.6,1
4887,21,88,79,70,4.6,1
4888,20,83,85,90,6.2,1
4889,19,63,69,77,4.1,1
4890,20,100,87,73,6.3,1
4891,18,66,65,82,3.0,1
4892,19,73,79,60,5.1,1
4893,16,100,100,83,7.0,1
4894,16,89,78,76,5.9,1
4895,18,77,81,73,5.4,1
4896,20,100,100,100,8.6,1
4897,17,93,100,87,7.0,1
4898,18,100,80,88,6.7,1
4899,22,97,81,92,6.3,1
4900,19,71,70,77,6.6,1
4901,19,100,100,93,8.3,1
4902,21,70,53,88,4.2,1
4903,16,100,97,91,7.0,1
4904,19,92,100,67,5.7,1
4905,18,76,94,60,4.2,1
4906,19,77,71,83,4.8,1
4907,18,100,75,64,5.4,1
4908,17,63,64,59,3.3,1
4909,21,86,99,87,6.7,1
4910,16,72,74,73,4.8,1
4911,19,81,75,92,5.2,1
4912,18,100,100,64,7.7,1
4913,20,92,79,82,5.3,1
4914,16,100,96,90,8.1,1
4915,17,79,59,83,4.0,1
4916,18,60,73,59,2.8,1
4917,22,81,75,69,4.4,1
4918,22,47,41,44,0.0,0
4919,21,93,67,78,6.8,1
4920,21,65,73,55,2.9,1
4921,17,78,54,66,3.8,1
4922,17,93,92,100,6.4,1
4923,21,84,69,70,5.2,1
4924,19,86,57,62,4.1,1
4925,19,49,59,45,0.9,1
4926,18,94,96,90,7.6,1
4927,20,77,87,100,6.4,1
4928,18,100,100,91,9.1,1
4929,20,67,91,95,3.8,1
4930,17,64,53,62,2.1,1
4931,16,100,75,75,7.0,1
4932,18,66,91,66,4.6,1
4933,18,81,69,61,6.3,1
4934,20,100,100,95,8.2,1
4935,17,78,79,91,5.8,1
4936,17,80,80,77,5.3,1
4937,22,78,95,86,5.5,1
4938,20,43,44,59,1.7,0
4939,17,100,85,100,7.2,1
4940,21,99,100,78,7.3,1
4941,19,100,100,91,6.1,1
4942,22,59,85,77,2.0,1
4943,21,91,58,100,4.8,1
4944,16,95,92,100,7.9,1
4945,18,63,56,70,3.9,1
4946,22,100,100,78,7.4,1
4947,16,74,78,66,5.1,1
4948,18,81,97,81,6.4,1
4949,19,61,66,90,4.2,1
4950,17,100,86,70,5.2,1
4951,21,84,81,82,5.9,1
4952,20,66,63,72,2.8,1
4953,21,85,73,41,5.5,1
4954,19,32,58,33,0.0,0
4955,16,67,53,89,3.8,1
4956,20,97,83,93,6.1,1
4957,17,85,100,99,7.2,1
4958,19,93,98,70,5.9,1
4959,20,71,47,74,2.2,1
4960,19,99,82,78,7.1,1
4961,19,74,67,62,2.7,1
4962,17,75,93,89,6.2,1
4963,22,44,75,70,2.8,1
4964,18,70,49,71,3.5,1
4965,20,58,79,61,3.1,1
4966,17,91,68,56,5.3,1
4967,19,73,90,73,4.6,1
4968,17,89,64,57,6.0,1
4969,22,80,63,81,5.0,1
4970,18,57,76,46,2.0,1
4971,21,79,100,76,5.6,1
4972,20,38,53,48,1.5,0
4973,18,63,60,70,3.2,1
4974,16,88,71,62,4.3,1
4975,20,66,75,72,4.1,1
4976,18,47,59,57,1.7,1
4977,19,100,92,91,7.7,1
4978,20,94,76,99,8.3,1
4979,20,100,100,88,9.5,1
4980,17,87,74,75,7.3,1
4981,19,70,80,85,4.2,1
4982,16,98,75,53,4.2,1
4983,21,61,69,93,4.1,1
4984,22,100,100,97,9.0,1
4985,18,79,99,64,4.8,1
4986,17,100,100,99,7.5,1
4987,18,91,96,83,7.4,1
4988,16,91,73,81,5.4,1
4989,16,53,72,71,2.1,1
4990,20,66,76,81,4.8,1
4991,22,96,71,81,5.3,1
4992,16,96,88,97,7.6,1
4993,18,61,84,75,5.0,1
4994,19,58,71,69,2.6,1
4995,19,100,98,75,7.0,1
4996,20,82,81,88,4.5,1
4997,21,33,38,43,0.0,0
4998,18,75,74,80,5.6,1
4999,18,74,85,77,6.0,1
5000,16,66,64,71,3.3,1
